Hãng,Tỉnh/Tp,Phường/xã,Site Name,Mã đối tượng,Tên đối tượng,Loại đối tượng,Thời gian,Giờ,User Uplink Average Throughput (Kbps),User Downlink Average Throughput (Kbps),CQI_4G,E-UTRAN Initial Context Setup Success Ratio being Subject for CS Fallback (%),Call Setup Success Rate,Inter-RAT HOSR (LTE to WCDMA) (%),Inter-frequency HO (%),Intra-frequency HO (%),Resource Block Untilizing Rate Downlink (%),Service Drop (all service),Total Data Traffic Volume (GB),Traffic Volumn DL (GB),Traffic Volume UL (GB),SRVCC Success Rate (LTE to WCDMA),Call Drop Rate (VoLTE),Inter-frequency HO Success Rates (VoLTE),Intra-frequency HO Success Rates (VoLTE),VoLTE E-RAB Call Setup Success Rate,VoLTE Traffic (Erl)
ERICSSON,DTP,DTP022,LN-CBE001M-TGG,ENM13/LN-CBE001M-TGG/11,4G-CBE001M11-TGG,CELL,10/01/2026 20:00,20,2368.54611,17032.57066,96.0435,100,99.94678,100,,99.47808,38,0.12441,6.95992,6.29112,0.6688,100,0,,100,100,0.22917
ERICSSON,DTP,DTP022,LN-CBE001M-TGG,ENM13/LN-CBE001M-TGG/11,4G-CBE001M11-TGG,CELL,10/01/2026 17:00,17,3399.97629,19724.32855,95.4852,100,99.93374,95.2381,,99.40365,30.33333,0.25453,4.58175,4.14882,0.43293,100,0,,100,100,0.87389
ERICSSON,DTP,DTP022,LN-CBE001M-TGG,ENM13/LN-CBE001M-TGG/11,4G-CBE001M11-TGG,CELL,10/01/2026 22:00,22,2007.88415,44654.32076,97.6174,100,100,73.91304,,99.70874,19,0.0266,4.83632,4.54101,0.29532,,0,,100,100,0.75917
ERICSSON,DTP,DTP022,LN-CBE001M-TGG,ENM13/LN-CBE001M-TGG/11,4G-CBE001M11-TGG,CELL,10/01/2026 23:00,23,2912.06301,44424.05186,98.1978,100,99.98494,80,,99.5255,16.33333,0.01288,3.92348,3.6191,0.30439,,0,,100,100,0.20333
ERICSSON,DTP,DTP022,LN-CBE001M-TGG,ENM13/LN-CBE001M-TGG/11,4G-CBE001M11-TGG,CELL,10/01/2026 15:00,15,1978.23107,14579.06276,94.572,100,99.89345,94,,99.42563,33.5,0.16752,4.94961,4.37593,0.57368,100,0,,98.83721,100,0.91
ERICSSON,DTP,DTP022,LN-CBE001M-TGG,ENM13/LN-CBE001M-TGG/11,4G-CBE001M11-TGG,CELL,10/01/2026 12:00,12,3149.63337,14278.51505,94.6399,100,99.85566,93.18182,,99.09584,43.5,0.05723,7.09862,6.58603,0.51259,100,0,,100,100,0.91833
ERICSSON,DTP,DTP022,LN-CBE001M-TGG,ENM13/LN-CBE001M-TGG/11,4G-CBE001M11-TGG,CELL,10/01/2026 16:00,16,2447.06873,22554.83558,95.5696,100,99.85464,98.24561,,99.46134,28.33333,0.03004,4.5781,4.15171,0.42639,100,0,,100,100,0.59694
ERICSSON,DTP,DTP022,LN-CBE001M-TGG,ENM13/LN-CBE001M-TGG/11,4G-CBE001M11-TGG,CELL,10/01/2026 11:00,11,2634.92491,17044.96509,95.8059,100,99.9125,82.6087,,99.4817,38.16667,0.07274,7.21322,6.5708,0.64243,100,0,,100,100,0.87361
ERICSSON,DTP,DTP022,LN-CBE001M-TGG,ENM13/LN-CBE001M-TGG/11,4G-CBE001M11-TGG,CELL,10/01/2026 10:00,10,3070.38296,21774.99015,93.9686,100,99.90419,90.32258,,99.52814,32.33333,0.05679,6.07858,5.52699,0.55158,100,0,,100,100,0.75528
ERICSSON,DTP,DTP022,LN-CBE001M-TGG,ENM13/LN-CBE001M-TGG/11,4G-CBE001M11-TGG,CELL,10/01/2026 01:00,1,1037.83712,46880.80641,98.4031,,99.96686,6.43275,,99.86505,6.66667,0.27344,1.08126,1.01088,0.07038,,0,,100,100,0.00722
ERICSSON,DTP,DTP022,LN-CBE001M-TGG,ENM13/LN-CBE001M-TGG/11,4G-CBE001M11-TGG,CELL,10/01/2026 02:00,2,4516.06874,48152.54742,98.0117,,99.93333,100,,99.73822,6,0.04581,1.03086,0.93382,0.09704,,,,,,0
ERICSSON,DTP,DTP022,LN-CBE001M-TGG,ENM13/LN-CBE001M-TGG/11,4G-CBE001M11-TGG,CELL,10/01/2026 00:00,0,1054.35853,41647.29667,98.07,,99.90294,4.83871,,99.64623,9.33333,0.33063,1.76059,1.63878,0.12181,,0,,100,100,0.06639
ERICSSON,DTP,DTP022,LN-CBE001M-TGG,ENM13/LN-CBE001M-TGG/11,4G-CBE001M11-TGG,CELL,10/01/2026 21:00,21,1844.42721,24959.38993,97.2368,100,99.87562,81.25,,99.32836,29.16667,0.03684,6.58687,5.96232,0.62455,,0,,100,100,0.41
ERICSSON,DTP,DTP022,LN-CBE001M-TGG,ENM13/LN-CBE001M-TGG/11,4G-CBE001M11-TGG,CELL,10/01/2026 19:00,19,2521.36419,11997.24484,95.9978,100,99.94299,97.05882,,99.12351,57.16667,0.39885,7.80358,7.3175,0.48608,100,0,,100,100,0.4075
ERICSSON,DTP,DTP022,LN-CBE001M-TGG,ENM13/LN-CBE001M-TGG/11,4G-CBE001M11-TGG,CELL,10/01/2026 18:00,18,2204.23974,17566.10546,96.2278,100,99.78172,100,,99.45862,42.33333,0.1627,6.50309,5.96749,0.5356,,0,,100,100,0.83528
ERICSSON,DTP,DTP022,LN-CBE001M-TGG,ENM13/LN-CBE001M-TGG/11,4G-CBE001M11-TGG,CELL,10/01/2026 14:00,14,2008.50006,12434.80543,95.183,100,99.93373,56,,98.967,49.16667,0.102,7.56539,6.84287,0.72252,100,0,,100,100,1.04167
ERICSSON,DTP,DTP022,LN-CBE001M-TGG,ENM13/LN-CBE001M-TGG/11,4G-CBE001M11-TGG,CELL,10/01/2026 13:00,13,3427.5563,21067.59753,95.3,100,99.85546,100,,99.04237,43.33333,0.04381,9.82338,9.18336,0.64002,,0,,97.4026,100,0.90389
ERICSSON,DTP,DTP022,LN-CBE001M-TGG,ENM13/LN-CBE001M-TGG/11,4G-CBE001M11-TGG,CELL,10/01/2026 08:00,8,2949.63699,29314.85501,95.7202,100,99.93759,97.05882,,99.25611,19.83333,0.043,3.89196,3.34638,0.54559,100,0,,100,100,0.68056
ERICSSON,DTP,DTP022,LN-CBE001M-TGG,ENM13/LN-CBE001M-TGG/11,4G-CBE001M11-TGG,CELL,10/01/2026 09:00,9,2945.64167,26147.92663,95.3227,100,99.89632,88.88889,,99.48619,24.5,0.04221,5.05928,4.38287,0.67641,,0,,100,100,0.85583
ERICSSON,DTP,DTP022,LN-CBE001M-TGG,ENM13/LN-CBE001M-TGG/11,4G-CBE001M11-TGG,CELL,10/01/2026 07:00,7,2854.36645,27173.14928,96.2771,100,99.96429,100,,99.09794,24.16667,0.0782,4.51064,4.17939,0.33125,,0,,100,100,0.43306
ERICSSON,DTP,DTP022,LN-CBE001M-TGG,ENM13/LN-CBE001M-TGG/11,4G-CBE001M11-TGG,CELL,10/01/2026 06:00,6,3177.88207,23524.34434,96.8421,100,99.94249,100,,99.65174,21.66667,0.08881,3.87477,3.56121,0.31355,,0,,100,100,0.36111
ERICSSON,DTP,DTP022,LN-CBE001M-TGG,ENM13/LN-CBE001M-TGG/11,4G-CBE001M11-TGG,CELL,10/01/2026 04:00,4,3571.97228,48122.75706,98.2593,100,99.71408,50,,99.14984,7,0.40513,1.57142,1.46366,0.10776,,0,,100,100,0.04417
ERICSSON,DTP,DTP022,LN-CBE001M-TGG,ENM13/LN-CBE001M-TGG/11,4G-CBE001M11-TGG,CELL,10/01/2026 05:00,5,2485.92098,28912.74247,97.8906,100,99.95687,100,,99.25769,11.16667,0.08659,2.14908,1.99987,0.14921,,0,,100,100,0.35
ERICSSON,DTP,DTP022,LN-CBE001M-TGG,ENM13/LN-CBE001M-TGG/11,4G-CBE001M11-TGG,CELL,10/01/2026 03:00,3,2463.44027,17726.55615,98.4064,,99.73487,100,,99.51807,13.83333,0.06724,1.66201,1.56844,0.09357,,0,,100,100,0.01
ERICSSON,DTP,DTP022,LN-CBE001M-TGG,ENM13/LN-CBE001M-TGG/11,4G-CBE001M11-TGG,CELL,10/02/2026 05:00,5,1814.34335,26258.34098,97.5079,100,99.94109,75,,99.25484,19,0,3.15206,2.9737,0.17836,,0,,100,100,0.33
ERICSSON,DTP,DTP022,LN-CBE001M-TGG,ENM13/LN-CBE001M-TGG/11,4G-CBE001M11-TGG,CELL,10/02/2026 03:00,3,2373.15292,58331.26766,98.0254,100,99.98316,100,,99.58848,8.33333,0,2.15068,2.02329,0.12738,,0,,100,100,0.02611
ERICSSON,DTP,DTP022,LN-CBE001M-TGG,ENM13/LN-CBE001M-TGG/11,4G-CBE001M11-TGG,CELL,10/02/2026 04:00,4,1951.21216,48267.23511,97.8658,,100,100,,99.65909,6.5,0.0436,1.58843,1.49895,0.08947,,0,,100,100,0.07667
ERICSSON,DTP,DTP022,LN-CBE001M-TGG,ENM13/LN-CBE001M-TGG/11,4G-CBE001M11-TGG,CELL,10/02/2026 12:00,12,1826.68402,13532.05851,94.4329,100,99.68577,94.44444,,99.48764,44,0.09542,6.7492,6.14985,0.59935,100,0,,100,100,1.40083
ERICSSON,DTP,DTP022,LN-CBE001M-TGG,ENM13/LN-CBE001M-TGG/11,4G-CBE001M11-TGG,CELL,10/02/2026 20:00,20,3277.43374,21729.86823,95.9148,100,99.95667,100,,99.48025,29.66667,0.03801,5.99952,5.47978,0.51975,100,0,,100,100,0.87889
ERICSSON,DTP,DTP022,LN-CBE001M-TGG,ENM13/LN-CBE001M-TGG/11,4G-CBE001M11-TGG,CELL,10/02/2026 13:00,13,2072.7799,29579.91797,96.0769,100,99.76686,100,,99.43563,26.16667,0.09949,5.47928,4.90739,0.57188,100,0,,100,100,0.65
ERICSSON,DTP,DTP022,LN-CBE001M-TGG,ENM13/LN-CBE001M-TGG/11,4G-CBE001M11-TGG,CELL,10/02/2026 21:00,21,2051.44185,24893.36904,97.04,100,99.94697,96.15385,,99.74093,26.83333,0.01329,5.53143,4.96669,0.56474,100,0,,100,100,0.80667
ERICSSON,DTP,DTP022,LN-CBE001M-TGG,ENM13/LN-CBE001M-TGG/11,4G-CBE001M11-TGG,CELL,10/02/2026 22:00,22,3462.86885,19286.36377,98.0417,,99.98208,100,,99.58814,19.83333,0.04628,3.56955,3.08279,0.48676,100,0,,100,100,0.25139
ERICSSON,DTP,DTP022,LN-CBE001M-TGG,ENM13/LN-CBE001M-TGG/11,4G-CBE001M11-TGG,CELL,10/02/2026 15:00,15,3239.71016,17452.97851,94.8508,100,99.68477,91.30435,,99.104,32,0.06923,5.53558,4.98728,0.5483,100,0,,100,100,0.58278
ERICSSON,DTP,DTP022,LN-CBE001M-TGG,ENM13/LN-CBE001M-TGG/11,4G-CBE001M11-TGG,CELL,10/02/2026 08:00,8,2438.54419,33883.8546,96.0645,100,99.8586,100,,99.68799,15.83333,0.02325,3.01128,2.65665,0.35463,100,0,,100,100,1.07639
ERICSSON,DTP,DTP022,LN-CBE001M-TGG,ENM13/LN-CBE001M-TGG/11,4G-CBE001M11-TGG,CELL,10/02/2026 23:00,23,5775.02812,41098.63664,98.2561,100,99.84925,94.44444,,99.87864,9.66667,0,2.28759,2.10815,0.17944,,0,,100,100,0.13
ERICSSON,DTP,DTP022,LN-CBE001M-TGG,ENM13/LN-CBE001M-TGG/11,4G-CBE001M11-TGG,CELL,10/02/2026 07:00,7,2938.14388,23004.55157,96.607,100,99.96816,84.21053,,99.62406,15.33333,0.0434,2.26957,2.02122,0.24835,,0,,100,100,0.44167
ERICSSON,DTP,DTP022,LN-CBE001M-TGG,ENM13/LN-CBE001M-TGG/11,4G-CBE001M11-TGG,CELL,10/02/2026 02:00,2,3110.93197,49032.09229,98.172,,99.97363,100,,99.38424,6.83333,0.01329,1.45438,1.34616,0.10822,,,,100,100,0.03083
ERICSSON,DTP,DTP022,LN-CBE001M-TGG,ENM13/LN-CBE001M-TGG/11,4G-CBE001M11-TGG,CELL,10/02/2026 19:00,19,3746.90834,19439.82549,95.7437,80,99.96111,100,,99.27711,34.5,0.03872,6.55474,5.66454,0.8902,,0,,100,100,0.47361
ERICSSON,DTP,DTP022,LN-CBE001M-TGG,ENM13/LN-CBE001M-TGG/11,4G-CBE001M11-TGG,CELL,10/02/2026 11:00,11,2948.87611,15054.12066,93.7201,100,99.80419,94.44444,,99.34737,32.33333,0.10918,4.80834,4.38977,0.41857,100,0,,98.71795,100,0.6775
ERICSSON,DTP,DTP022,LN-CBE001M-TGG,ENM13/LN-CBE001M-TGG/11,4G-CBE001M11-TGG,CELL,10/02/2026 06:00,6,2390.52947,22606.08625,96.5509,100,99.96987,95.45455,,99.34952,23.16667,0.09088,3.53537,3.20947,0.3259,100,0,,100,100,0.52417
ERICSSON,DTP,DTP022,LN-CBE001M-TGG,ENM13/LN-CBE001M-TGG/11,4G-CBE001M11-TGG,CELL,10/02/2026 17:00,17,2560.73967,21099.34832,96.2082,100,99.94109,97.05882,,99.48062,24.5,0.05641,4.37827,3.87465,0.50362,100,0,,100,100,0.41194
ERICSSON,DTP,DTP022,LN-CBE001M-TGG,ENM13/LN-CBE001M-TGG/11,4G-CBE001M11-TGG,CELL,10/02/2026 01:00,1,2887.5006,49842.81863,98.0187,,99.86254,100,,98.73853,9.83333,0.0125,2.1546,2.04527,0.10933,,0,,100,100,0.13972
ERICSSON,DTP,DTP022,LN-CBE001M-TGG,ENM13/LN-CBE001M-TGG/11,4G-CBE001M11-TGG,CELL,10/02/2026 16:00,16,3933.28309,21343.6919,95.7428,100,99.97183,95.65217,,99.33607,33,0.10965,5.92879,5.30256,0.62623,100,0,,97.77778,100,0.73778
ERICSSON,DTP,DTP022,LN-CBE001M-TGG,ENM13/LN-CBE001M-TGG/11,4G-CBE001M11-TGG,CELL,10/02/2026 14:00,14,4472.48002,24179.83365,94.776,100,99.84713,92.68293,,99.22879,29.66667,0.08309,4.97851,4.43957,0.53894,100,0,,100,100,1.18917
ERICSSON,DTP,DTP022,LN-CBE001M-TGG,ENM13/LN-CBE001M-TGG/11,4G-CBE001M11-TGG,CELL,10/02/2026 09:00,9,2970.90396,27710.77179,94.8875,100,99.95956,97.87234,,99.56081,27,0.12344,5.76037,5.2734,0.48697,100,0,,100,100,0.70194
ERICSSON,DTP,DTP022,LN-CBE001M-TGG,ENM13/LN-CBE001M-TGG/11,4G-CBE001M11-TGG,CELL,10/02/2026 18:00,18,3455.39518,20093.04392,95.6787,100,99.86156,100,,98.92519,32.33333,0.03562,5.68225,5.14175,0.5405,100,0,,100,100,0.26639
ERICSSON,DTP,DTP022,LN-CBE001M-TGG,ENM13/LN-CBE001M-TGG/11,4G-CBE001M11-TGG,CELL,10/02/2026 10:00,10,3598.56878,29122.67633,96.2013,100,99.89993,100,,99.4553,25.33333,0.06151,5.71691,5.15105,0.56585,,0,,100,100,0.59917
ERICSSON,DTP,DTP022,LN-CBE001M-TGG,ENM13/LN-CBE001M-TGG/11,4G-CBE001M11-TGG,CELL,10/02/2026 00:00,0,3761.16485,47416.64098,98.0526,,99.97077,100,,99.508,12.33333,0,2.9382,2.8305,0.1077,,0,,100,100,0.06944
ERICSSON,DTP,DTP022,LN-CBE001M-TGG,ENM13/LN-CBE001M-TGG/11,4G-CBE001M11-TGG,CELL,10/03/2026 17:00,17,7532.41166,26947.07447,96.6433,100,99.92104,83.33333,,99.62756,21.33333,0.03328,4.63089,3.99918,0.63172,100,0,,100,100,0.36556
ERICSSON,DTP,DTP022,LN-CBE001M-TGG,ENM13/LN-CBE001M-TGG/11,4G-CBE001M11-TGG,CELL,10/03/2026 21:00,21,1595.24317,28433.11033,96.6467,100,99.93273,88.88889,,99.42565,21.16667,0.06601,4.68568,4.01011,0.67557,100,0,,100,100,0.21056
ERICSSON,DTP,DTP022,LN-CBE001M-TGG,ENM13/LN-CBE001M-TGG/11,4G-CBE001M11-TGG,CELL,10/03/2026 09:00,9,4531.61871,18528.04868,95.8564,100,99.73061,93.02326,,99.18652,32.16667,0.07496,5.6723,5.01256,0.65974,100,0,,97.33333,100,0.94667
ERICSSON,DTP,DTP022,LN-CBE001M-TGG,ENM13/LN-CBE001M-TGG/11,4G-CBE001M11-TGG,CELL,10/03/2026 19:00,19,2573.29487,24325.5692,96.3407,100,99.92889,79.54546,,99.49909,38.5,0.08779,7.75612,7.09697,0.65915,100,0,,100,100,0.39889
ERICSSON,DTP,DTP022,LN-CBE001M-TGG,ENM13/LN-CBE001M-TGG/11,4G-CBE001M11-TGG,CELL,10/03/2026 12:00,12,2970.09163,15121.58747,95.1477,100,99.87973,97.14286,,99.32455,37,0.08508,6.03133,5.5042,0.52713,100,2.32558,,100,100,0.94833
ERICSSON,DTP,DTP022,LN-CBE001M-TGG,ENM13/LN-CBE001M-TGG/11,4G-CBE001M11-TGG,CELL,10/03/2026 11:00,11,1940.37388,17921.08645,94.2272,100,99.88083,100,,99.49444,30.5,0.09936,4.92431,4.5458,0.37851,,0,,100,100,0.66139
ERICSSON,DTP,DTP022,LN-CBE001M-TGG,ENM13/LN-CBE001M-TGG/11,4G-CBE001M11-TGG,CELL,10/03/2026 06:00,6,3263.71772,29625.3533,97.739,,99.92136,93.75,,99.73503,13.66667,0.07932,2.47355,2.266,0.20755,,0,,100,100,0.32472
ERICSSON,DTP,DTP022,LN-CBE001M-TGG,ENM13/LN-CBE001M-TGG/11,4G-CBE001M11-TGG,CELL,10/03/2026 20:00,20,2358.70797,17032.0026,96.6709,100,99.98683,100,,99.34534,43,0.17038,7.70275,7.11094,0.59181,100,0,,100,100,0.72833
ERICSSON,DTP,DTP022,LN-CBE001M-TGG,ENM13/LN-CBE001M-TGG/11,4G-CBE001M11-TGG,CELL,10/03/2026 00:00,0,2447.14995,49727.25975,97.754,100,99.91865,36.53846,,99.25164,8,0.01591,1.80546,1.69024,0.11522,,0,,100,100,0.01528
ERICSSON,DTP,DTP022,LN-CBE001M-TGG,ENM13/LN-CBE001M-TGG/11,4G-CBE001M11-TGG,CELL,10/03/2026 22:00,22,5837.38823,33338.61772,97.0497,100,99.92664,87.5,,99.57483,18.16667,0.02893,3.98497,3.58206,0.40291,,0,,100,100,0.76056
ERICSSON,DTP,DTP022,LN-CBE001M-TGG,ENM13/LN-CBE001M-TGG/11,4G-CBE001M11-TGG,CELL,10/03/2026 10:00,10,2408.76992,17001.96972,95.7754,100,99.80422,97.87234,,99.56481,31.66667,0.03241,5.45624,4.88692,0.56933,,0,,100,100,0.77306
ERICSSON,DTP,DTP022,LN-CBE001M-TGG,ENM13/LN-CBE001M-TGG/11,4G-CBE001M11-TGG,CELL,10/03/2026 02:00,2,4385.05776,55396.37493,98.3883,,99.90822,75,,99.59239,6.33333,0.05558,1.27974,1.21745,0.06229,,,,100,,0.00056
ERICSSON,DTP,DTP022,LN-CBE001M-TGG,ENM13/LN-CBE001M-TGG/11,4G-CBE001M11-TGG,CELL,10/03/2026 01:00,1,1875.06806,44357.17693,98.2823,100,100,50,,99.74937,8.83333,0.0357,1.6943,1.57022,0.12407,,0,,100,100,0.04111
ERICSSON,DTP,DTP022,LN-CBE001M-TGG,ENM13/LN-CBE001M-TGG/11,4G-CBE001M11-TGG,CELL,10/03/2026 18:00,18,3506.53601,25084.40876,96.9433,100,99.97246,93.18182,,99.46237,36.33333,0.05881,7.626,7.02541,0.60059,100,0,,100,100,0.57861
ERICSSON,DTP,DTP022,LN-CBE001M-TGG,ENM13/LN-CBE001M-TGG/11,4G-CBE001M11-TGG,CELL,10/03/2026 16:00,16,4318.3133,14814.01541,95.7819,100,99.86779,93.22034,,99.54968,37.5,0.02189,7.1937,6.64856,0.54514,100,0,,100,100,0.5425
ERICSSON,DTP,DTP022,LN-CBE001M-TGG,ENM13/LN-CBE001M-TGG/11,4G-CBE001M11-TGG,CELL,10/03/2026 03:00,3,842.74615,49664.71173,98.4266,,100,54.54546,,99.56958,6.66667,0,1.23379,1.15289,0.0809,,,,100,100,0.15028
ERICSSON,DTP,DTP022,LN-CBE001M-TGG,ENM13/LN-CBE001M-TGG/11,4G-CBE001M11-TGG,CELL,10/03/2026 13:00,13,3834.62346,16186.33929,95.1787,100,99.98869,92.85714,,99.15199,38.33333,0.02262,6.67377,6.06079,0.61298,100,0,,100,100,0.39028
ERICSSON,DTP,DTP022,LN-CBE001M-TGG,ENM13/LN-CBE001M-TGG/11,4G-CBE001M11-TGG,CELL,10/03/2026 14:00,14,3003.57414,15107.85681,95.1868,100,99.76538,100,,99.36061,36.66667,0.08028,5.64699,5.23607,0.41091,100,0,,100,100,0.98861
ERICSSON,DTP,DTP022,LN-CBE001M-TGG,ENM13/LN-CBE001M-TGG/11,4G-CBE001M11-TGG,CELL,10/03/2026 15:00,15,3649.80468,15846.2792,95.6228,100,99.91275,91.11111,,99.12127,45.83333,0.1076,9.00716,8.31121,0.69595,,0,,100,100,0.56861
ERICSSON,DTP,DTP022,LN-CBE001M-TGG,ENM13/LN-CBE001M-TGG/11,4G-CBE001M11-TGG,CELL,10/03/2026 23:00,23,4007.79935,48529.74074,98.0791,100,100,72.22222,,98.33729,7.83333,0.04677,2.01745,1.86725,0.1502,,0,,100,100,0.05778
ERICSSON,DTP,DTP022,LN-CBE001M-TGG,ENM13/LN-CBE001M-TGG/11,4G-CBE001M11-TGG,CELL,10/03/2026 07:00,7,10659.46383,23031.9629,96.6024,100,99.88577,55.9322,,99.38596,20.16667,0.08105,3.45787,2.91339,0.54447,100,0,,100,100,0.39694
ERICSSON,DTP,DTP022,LN-CBE001M-TGG,ENM13/LN-CBE001M-TGG/11,4G-CBE001M11-TGG,CELL,10/03/2026 04:00,4,2982.26908,22265.65252,98.7074,100,99.91495,100,,99.20182,14.5,0.01686,2.07114,1.95514,0.116,,0,,100,100,1.01722
ERICSSON,DTP,DTP022,LN-CBE001M-TGG,ENM13/LN-CBE001M-TGG/11,4G-CBE001M11-TGG,CELL,10/03/2026 08:00,8,7003.89788,20372.43115,96.2421,100,99.92249,100,,99.55033,32.66667,0.04036,5.846,5.19127,0.65473,100,0,,100,100,0.74056
ERICSSON,DTP,DTP022,LN-CBE001M-TGG,ENM13/LN-CBE001M-TGG/11,4G-CBE001M11-TGG,CELL,10/03/2026 05:00,5,3687.83418,22039.74786,98.3756,100,99.76951,100,,99.40476,16.66667,0.04993,2.68893,2.51348,0.17545,,0,,100,100,0.54472
ERICSSON,DTP,DTP022,LN-CBE001M-TGG,ENM13/LN-CBE001M-TGG/11,4G-CBE001M11-TGG,CELL,10/04/2026 04:00,4,2544.19597,33209.72681,98.7805,,99.77866,100,,99.85359,11,0.03306,2.39497,2.27606,0.11891,,0,,100,100,0.04444
ERICSSON,DTP,DTP022,LN-CBE001M-TGG,ENM13/LN-CBE001M-TGG/11,4G-CBE001M11-TGG,CELL,10/04/2026 03:00,3,11205.51057,29213.28836,98.7951,,100,100,,99.20382,7,0,1.23417,1.02803,0.20614,,,,100,100,0.0075
ERICSSON,DTP,DTP022,LN-CBE001M-TGG,ENM13/LN-CBE001M-TGG/11,4G-CBE001M11-TGG,CELL,10/04/2026 10:00,10,4203.44535,15320.58308,95.9027,100,99.77502,67.74194,,99.44975,36.5,0.06664,5.99701,5.29858,0.69843,100,0,,100,100,0.5275
ERICSSON,DTP,DTP022,LN-CBE001M-TGG,ENM13/LN-CBE001M-TGG/11,4G-CBE001M11-TGG,CELL,10/04/2026 16:00,16,3809.5505,16556.96841,95.1339,100,99.97255,100,,99.25127,34.33333,0.09282,5.48287,4.96565,0.51722,100,0,,100,100,0.62222
ERICSSON,DTP,DTP022,LN-CBE001M-TGG,ENM13/LN-CBE001M-TGG/11,4G-CBE001M11-TGG,CELL,10/04/2026 00:00,0,1777.10494,45064.70581,98.2095,100,99.84369,66.66667,,99.88439,9.83333,0.07039,2.3011,2.11475,0.18635,,0,,100,100,0.02417
ERICSSON,DTP,DTP022,LN-CBE001M-TGG,ENM13/LN-CBE001M-TGG/11,4G-CBE001M11-TGG,CELL,10/04/2026 17:00,17,5313.95686,19542.45931,95.7448,100,99.92199,90.69767,,99.45005,41.33333,0.05701,6.91743,6.27853,0.6389,,0,,100,100,1.49472
ERICSSON,DTP,DTP022,LN-CBE001M-TGG,ENM13/LN-CBE001M-TGG/11,4G-CBE001M11-TGG,CELL,10/04/2026 15:00,15,2530.52954,18516.51252,95.0308,100,99.95082,100,,99.41552,38.66667,0.05927,7.14729,6.55863,0.58865,100,0,,100,100,1.01111
ERICSSON,DTP,DTP022,LN-CBE001M-TGG,ENM13/LN-CBE001M-TGG/11,4G-CBE001M11-TGG,CELL,10/04/2026 13:00,13,3991.09702,20636.11779,94.1295,100,99.96256,97.4359,,99.375,37.5,0.01102,7.09198,6.599,0.49298,100,0,,100,100,0.60139
ERICSSON,DTP,DTP022,LN-CBE001M-TGG,ENM13/LN-CBE001M-TGG/11,4G-CBE001M11-TGG,CELL,10/04/2026 07:00,7,3858.95015,21333.07079,97.0992,100,99.49058,100,,99.41799,30.5,0.11647,5.09415,4.67046,0.42369,,0,,97.77778,100,0.50278
ERICSSON,DTP,DTP022,LN-CBE001M-TGG,ENM13/LN-CBE001M-TGG/11,4G-CBE001M11-TGG,CELL,10/04/2026 11:00,11,2778.73709,16132.90511,95.6788,100,99.78956,82.7957,,99.11567,33.66667,0.02317,5.01295,4.42828,0.58467,100,0,,100,100,0.585
ERICSSON,DTP,DTP022,LN-CBE001M-TGG,ENM13/LN-CBE001M-TGG/11,4G-CBE001M11-TGG,CELL,10/04/2026 12:00,12,2190.59384,16296.62602,95.0808,100,99.79615,100,,99.27033,32.66667,0.09574,5.52005,5.05758,0.46247,,0,,100,100,0.31944
ERICSSON,DTP,DTP022,LN-CBE001M-TGG,ENM13/LN-CBE001M-TGG/11,4G-CBE001M11-TGG,CELL,10/04/2026 23:00,23,6259.03149,49703.6908,97.8027,,99.95594,57.14286,,99.54286,8.83333,0.05941,2.01667,1.86205,0.15462,,0,,,,0.34833
ERICSSON,DTP,DTP022,LN-CBE001M-TGG,ENM13/LN-CBE001M-TGG/11,4G-CBE001M11-TGG,CELL,10/04/2026 05:00,5,3723.98145,42158.16086,97.8687,100,99.82152,100,,99.52786,9,0,1.88775,1.74486,0.14289,,0,,100,100,0.25833
ERICSSON,DTP,DTP022,LN-CBE001M-TGG,ENM13/LN-CBE001M-TGG/11,4G-CBE001M11-TGG,CELL,10/04/2026 22:00,22,6267.85964,36434.98198,97.5034,100,99.8937,95,,99.73936,16.33333,0,3.9457,3.58828,0.35743,,0,,100,100,0.1925
ERICSSON,DTP,DTP022,LN-CBE001M-TGG,ENM13/LN-CBE001M-TGG/11,4G-CBE001M11-TGG,CELL,10/04/2026 08:00,8,4486.16108,20439.52036,96.0765,100,99.89815,96.77419,,99.81702,25,0.16249,4.336,3.81063,0.52537,100,0,,100,100,0.61583
ERICSSON,DTP,DTP022,LN-CBE001M-TGG,ENM13/LN-CBE001M-TGG/11,4G-CBE001M11-TGG,CELL,10/04/2026 14:00,14,4513.02518,10030.53717,95.0247,100,99.9203,95.12195,,99.17567,55.5,0.06987,8.54348,7.82805,0.71543,100,0,,98.57143,100,1.84056
ERICSSON,DTP,DTP022,LN-CBE001M-TGG,ENM13/LN-CBE001M-TGG/11,4G-CBE001M11-TGG,CELL,10/04/2026 01:00,1,5199.98418,45635.60394,98.7375,100,99.94061,100,,99.2722,8.66667,0,1.99991,1.79591,0.204,,,,100,,0.03083
ERICSSON,DTP,DTP022,LN-CBE001M-TGG,ENM13/LN-CBE001M-TGG/11,4G-CBE001M11-TGG,CELL,10/04/2026 19:00,19,2561.87112,11489.45997,96.0807,100,99.43136,97.82609,,99.283,46.66667,0.09511,7.44734,6.71792,0.72941,,0,,100,100,0.2425
ERICSSON,DTP,DTP022,LN-CBE001M-TGG,ENM13/LN-CBE001M-TGG/11,4G-CBE001M11-TGG,CELL,10/04/2026 18:00,18,4310.78974,12851.48229,96.2557,100,99.89495,98.18182,,99.31383,44.66667,0.11625,7.47825,6.51079,0.96746,100,0,,100,100,0.93111
ERICSSON,DTP,DTP022,LN-CBE001M-TGG,ENM13/LN-CBE001M-TGG/11,4G-CBE001M11-TGG,CELL,10/04/2026 21:00,21,4351.51323,22013.11567,97.0637,100,99.85404,96.9697,,98.66755,24.66667,0.09024,5.16265,4.57901,0.58364,,0,,100,100,0.19333
ERICSSON,DTP,DTP022,LN-CBE001M-TGG,ENM13/LN-CBE001M-TGG/11,4G-CBE001M11-TGG,CELL,10/04/2026 20:00,20,3850.34663,18015.17056,97.1405,100,99.58569,60.37736,,99.72603,29.16667,0.08297,5.32365,4.49007,0.83358,100,0,,100,100,0.68778
ERICSSON,DTP,DTP022,LN-CBE001M-TGG,ENM13/LN-CBE001M-TGG/11,4G-CBE001M11-TGG,CELL,10/04/2026 02:00,2,3021.84037,52422.59876,98.4759,100,99.84134,100,,99.06103,7.5,0.07226,1.49622,1.41892,0.0773,,0,,,100,0
ERICSSON,DTP,DTP022,LN-CBE001M-TGG,ENM13/LN-CBE001M-TGG/11,4G-CBE001M11-TGG,CELL,10/04/2026 09:00,9,1736.98756,15045.74928,95.7132,100,99.79788,94,,99.57255,37.33333,0.14668,5.63238,4.99412,0.63826,100,0,,98.24561,100,0.82139
ERICSSON,DTP,DTP022,LN-CBE001M-TGG,ENM13/LN-CBE001M-TGG/11,4G-CBE001M11-TGG,CELL,10/04/2026 06:00,6,2485.6584,21902.3687,97.8294,100,99.93756,78.94737,,99.0799,27.5,0.01149,4.64728,4.32022,0.32706,100,0,,100,100,0.29722
ERICSSON,DTP,DTP022,LN-CBE001M-TGG,ENM13/LN-CBE001M-TGG/12,4G-CBE001M12-TGG,CELL,10/01/2026 20:00,20,2662.15341,27068.19233,96.4159,100,100,100,,99.39467,29.16667,0,6.48247,5.73831,0.74416,100,0,,100,100,0.24194
ERICSSON,DTP,DTP022,LN-CBE001M-TGG,ENM13/LN-CBE001M-TGG/12,4G-CBE001M12-TGG,CELL,10/01/2026 22:00,22,2123.21349,35376.62119,97.1295,0,99.95859,50,,99.67391,13.66667,0.08531,3.10737,2.85441,0.25295,,0,,100,100,0.10194
ERICSSON,DTP,DTP022,LN-CBE001M-TGG,ENM13/LN-CBE001M-TGG/12,4G-CBE001M12-TGG,CELL,10/01/2026 17:00,17,3773.55434,27175.38667,96.7444,100,99.97897,92.85714,,99.60544,26.83333,0.11497,5.73805,5.22045,0.5176,,1.72414,,100,100,0.66361
ERICSSON,DTP,DTP022,LN-CBE001M-TGG,ENM13/LN-CBE001M-TGG/12,4G-CBE001M12-TGG,CELL,10/01/2026 23:00,23,2376.46116,54448.37735,97.4276,,100,80,,98.61982,11.66667,0.03624,3.47238,3.29862,0.17376,,0,,100,100,0.03444
ERICSSON,DTP,DTP022,LN-CBE001M-TGG,ENM13/LN-CBE001M-TGG/12,4G-CBE001M12-TGG,CELL,10/01/2026 15:00,15,1951.53013,24392.16348,96.5198,100,99.93368,96.15385,,99.07925,34.66667,0.12411,8.30548,7.47019,0.83529,,0,,100,100,1.055
ERICSSON,DTP,DTP022,LN-CBE001M-TGG,ENM13/LN-CBE001M-TGG/12,4G-CBE001M12-TGG,CELL,10/01/2026 12:00,12,3637.47966,19321.00348,96.2232,100,99.96789,89.65517,,99.07469,40,0.06777,9.07915,8.41575,0.6634,100,0,,100,100,0.68694
ERICSSON,DTP,DTP022,LN-CBE001M-TGG,ENM13/LN-CBE001M-TGG/12,4G-CBE001M12-TGG,CELL,10/01/2026 16:00,16,2893.94625,27231.26997,96.5862,100,99.99058,70.58824,,99.32408,32,0.07371,7.61216,7.05691,0.55525,100,0,,100,100,1.05833
ERICSSON,DTP,DTP022,LN-CBE001M-TGG,ENM13/LN-CBE001M-TGG/12,4G-CBE001M12-TGG,CELL,10/01/2026 11:00,11,3552.5002,18148.95248,96.3167,100,99.90572,95.2381,,99.28033,38.83333,0.18088,8.27365,7.44408,0.82957,100,0,,100,100,1.44778
ERICSSON,DTP,DTP022,LN-CBE001M-TGG,ENM13/LN-CBE001M-TGG/12,4G-CBE001M12-TGG,CELL,10/01/2026 10:00,10,6053.59677,23407.56615,96.836,100,100,95.2381,,99.4306,36.66667,0.1396,9.30569,8.25106,1.05463,100,0,,100,100,1.27806
ERICSSON,DTP,DTP022,LN-CBE001M-TGG,ENM13/LN-CBE001M-TGG/12,4G-CBE001M12-TGG,CELL,10/01/2026 02:00,2,5131.31083,64369.71152,98.1682,100,100,100,,100,9.33333,0.0176,2.84939,2.7165,0.13288,,,,,,0
ERICSSON,DTP,DTP022,LN-CBE001M-TGG,ENM13/LN-CBE001M-TGG/12,4G-CBE001M12-TGG,CELL,10/01/2026 01:00,1,4737.75909,50832.88135,97.9041,,99.98142,,,99.85185,6.33333,0.01598,1.23869,1.16109,0.0776,,,,100,,0.00778
ERICSSON,DTP,DTP022,LN-CBE001M-TGG,ENM13/LN-CBE001M-TGG/12,4G-CBE001M12-TGG,CELL,10/01/2026 00:00,0,8828.4004,41687.65787,98.3754,,99.94966,100,,99.86877,11.5,0.01512,2.78315,1.93228,0.85087,,0,,100,100,0.01944
ERICSSON,DTP,DTP022,LN-CBE001M-TGG,ENM13/LN-CBE001M-TGG/12,4G-CBE001M12-TGG,CELL,10/01/2026 21:00,21,1734.8606,33749.789,96.6213,100,99.9426,50,,99.6675,21.33333,0.03426,5.12222,4.57891,0.54331,,0,,100,100,0.16944
ERICSSON,DTP,DTP022,LN-CBE001M-TGG,ENM13/LN-CBE001M-TGG/12,4G-CBE001M12-TGG,CELL,10/01/2026 19:00,19,3592.68038,19981.44892,94.6769,100,99.98322,100,,98.9081,40,0.27412,8.13916,7.63191,0.50725,100,0,,100,100,0.5375
ERICSSON,DTP,DTP022,LN-CBE001M-TGG,ENM13/LN-CBE001M-TGG/12,4G-CBE001M12-TGG,CELL,10/01/2026 18:00,18,4748.20955,21785.32077,95.6283,100,99.74038,87.5,,99.37888,31.33333,0.32197,6.4621,6.00555,0.45654,100,0,,100,100,0.57611
ERICSSON,DTP,DTP022,LN-CBE001M-TGG,ENM13/LN-CBE001M-TGG/12,4G-CBE001M12-TGG,CELL,10/01/2026 14:00,14,5781.36685,21198.37825,95.0852,100,99.94547,93.54839,,99.4695,34.5,0.1445,6.74883,6.04676,0.70207,100,0,,100,100,0.79639
ERICSSON,DTP,DTP022,LN-CBE001M-TGG,ENM13/LN-CBE001M-TGG/12,4G-CBE001M12-TGG,CELL,10/01/2026 13:00,13,4390.44806,20319.70556,94.5646,100,99.94343,100,,98.65667,29.83333,0.15998,6.22342,5.60418,0.61923,100,0,,100,100,0.96194
ERICSSON,DTP,DTP022,LN-CBE001M-TGG,ENM13/LN-CBE001M-TGG/12,4G-CBE001M12-TGG,CELL,10/01/2026 08:00,8,5496.2619,27946.86038,97.1787,100,99.95721,92,,99.68799,26,0.18973,6.43517,5.68665,0.74851,100,0,,100,100,1.34028
ERICSSON,DTP,DTP022,LN-CBE001M-TGG,ENM13/LN-CBE001M-TGG/12,4G-CBE001M12-TGG,CELL,10/01/2026 09:00,9,5669.44671,25267.34937,97.1516,100,99.97234,100,,99.7075,32.66667,0.10076,7.69726,6.60141,1.09586,100,0,,100,100,1.40389
ERICSSON,DTP,DTP022,LN-CBE001M-TGG,ENM13/LN-CBE001M-TGG/12,4G-CBE001M12-TGG,CELL,10/01/2026 07:00,7,4113.16197,31700.60902,97.081,100,99.95492,100,,99.29015,23.5,0.17641,5.64603,5.17569,0.47034,100,0,,100,100,0.92889
ERICSSON,DTP,DTP022,LN-CBE001M-TGG,ENM13/LN-CBE001M-TGG/12,4G-CBE001M12-TGG,CELL,10/01/2026 06:00,6,8348.32706,27193.75631,97.1448,100,99.93197,84.61539,,99.57694,24.16667,0.06238,5.57669,4.37252,1.20416,,0,,100,100,0.61361
ERICSSON,DTP,DTP022,LN-CBE001M-TGG,ENM13/LN-CBE001M-TGG/12,4G-CBE001M12-TGG,CELL,10/01/2026 04:00,4,4434.93453,46085.62531,98.1125,100,99.94356,100,,99.47849,6.16667,0.04868,1.11846,1.04287,0.07559,,0,,100,100,0.07972
ERICSSON,DTP,DTP022,LN-CBE001M-TGG,ENM13/LN-CBE001M-TGG/12,4G-CBE001M12-TGG,CELL,10/01/2026 05:00,5,6433.9808,45950.92748,97.9204,100,99.98222,100,,99.66741,11.33333,0.04625,2.78863,2.38647,0.40217,,0,,100,100,0.23417
ERICSSON,DTP,DTP022,LN-CBE001M-TGG,ENM13/LN-CBE001M-TGG/12,4G-CBE001M12-TGG,CELL,10/01/2026 03:00,3,2541.1102,48314.81206,97.4796,100,100,100,,99.48849,7.83333,0.01677,1.57974,1.49718,0.08256,,0,,,100,0.00833
ERICSSON,DTP,DTP022,LN-CBE001M-TGG,ENM13/LN-CBE001M-TGG/12,4G-CBE001M12-TGG,CELL,10/02/2026 18:00,18,2917.52233,23550.26134,96.6581,100,99.9006,100,,99.22833,33.16667,0.04909,8.08651,7.47243,0.61408,,0,,100,100,0.86889
ERICSSON,DTP,DTP022,LN-CBE001M-TGG,ENM13/LN-CBE001M-TGG/12,4G-CBE001M12-TGG,CELL,10/02/2026 13:00,13,6129.92854,26673.49643,96.9971,100,99.94767,100,,99.74693,29.83333,0.1025,7.24663,6.62859,0.61804,,1.23457,,100,100,0.785
ERICSSON,DTP,DTP022,LN-CBE001M-TGG,ENM13/LN-CBE001M-TGG/12,4G-CBE001M12-TGG,CELL,10/02/2026 17:00,17,2745.4453,29638.86792,97.6365,100,100,100,,99.6124,31.5,0.01143,8.95996,8.29535,0.66461,,0,,100,100,0.40583
ERICSSON,DTP,DTP022,LN-CBE001M-TGG,ENM13/LN-CBE001M-TGG/12,4G-CBE001M12-TGG,CELL,10/02/2026 03:00,3,2718.41767,42655.93253,98.314,100,99.9804,100,,99.85816,7.83333,0,1.43966,1.27602,0.16365,,0,,100,100,0.015
ERICSSON,DTP,DTP022,LN-CBE001M-TGG,ENM13/LN-CBE001M-TGG/12,4G-CBE001M12-TGG,CELL,10/02/2026 11:00,11,3132.09218,22532.64892,96.3166,100,99.96358,84.21053,,99.63459,41.16667,0.05054,10.26101,9.57699,0.68402,100,0,,100,100,0.83028
ERICSSON,DTP,DTP022,LN-CBE001M-TGG,ENM13/LN-CBE001M-TGG/12,4G-CBE001M12-TGG,CELL,10/02/2026 19:00,19,2190.49105,25415.87288,96.5224,100,99.95948,93.33333,,99.15085,32.5,0.04017,7.61153,6.94812,0.66341,50,0,,95.83333,100,0.39889
ERICSSON,DTP,DTP022,LN-CBE001M-TGG,ENM13/LN-CBE001M-TGG/12,4G-CBE001M12-TGG,CELL,10/02/2026 02:00,2,2942.00695,26830.10415,97.206,,99.97909,100,,99.86613,6.16667,0.03643,0.83401,0.75938,0.07463,,0,,100,100,0.02333
ERICSSON,DTP,DTP022,LN-CBE001M-TGG,ENM13/LN-CBE001M-TGG/12,4G-CBE001M12-TGG,CELL,10/02/2026 01:00,1,2361.25669,60049.82017,97.4789,100,100,,,99.86894,7.5,0.01787,2.01765,1.87004,0.14761,,,,100,,0.02444
ERICSSON,DTP,DTP022,LN-CBE001M-TGG,ENM13/LN-CBE001M-TGG/12,4G-CBE001M12-TGG,CELL,10/02/2026 08:00,8,3024.01899,30393.69925,97.682,100,99.9634,100,,99.59984,25,0.072,5.97255,5.22011,0.75245,,0,,98.50746,100,0.885
ERICSSON,DTP,DTP022,LN-CBE001M-TGG,ENM13/LN-CBE001M-TGG/12,4G-CBE001M12-TGG,CELL,10/02/2026 21:00,21,2339.3272,30549.01774,97.8695,,99.98316,100,,99.41392,25.66667,0.03339,6.678,6.14687,0.53114,,0,,100,100,0.11278
ERICSSON,DTP,DTP022,LN-CBE001M-TGG,ENM13/LN-CBE001M-TGG/12,4G-CBE001M12-TGG,CELL,10/02/2026 16:00,16,3619.35139,32283.006,96.2853,100,99.89387,88.88889,,99.58946,27.5,0.10885,6.90429,6.39046,0.51382,,0,,100,100,0.64
ERICSSON,DTP,DTP022,LN-CBE001M-TGG,ENM13/LN-CBE001M-TGG/12,4G-CBE001M12-TGG,CELL,10/02/2026 15:00,15,2953.76463,23644.6465,96.7988,100,99.95919,100,,99.54998,40.33333,0.08469,9.976,9.32291,0.65309,,0,,100,100,0.75389
ERICSSON,DTP,DTP022,LN-CBE001M-TGG,ENM13/LN-CBE001M-TGG/12,4G-CBE001M12-TGG,CELL,10/02/2026 20:00,20,2098.99699,26196.76927,97.8871,100,99.98138,100,,99.47399,31.5,0.04779,7.94722,7.34059,0.60663,,0,,100,100,0.15889
ERICSSON,DTP,DTP022,LN-CBE001M-TGG,ENM13/LN-CBE001M-TGG/12,4G-CBE001M12-TGG,CELL,10/02/2026 14:00,14,4134.42477,26857.61707,96.5563,96.66667,99.96888,95.2381,,99.56155,40.83333,0.09433,11.26129,10.21427,1.04702,,0,,100,100,1.16417
ERICSSON,DTP,DTP022,LN-CBE001M-TGG,ENM13/LN-CBE001M-TGG/12,4G-CBE001M12-TGG,CELL,10/02/2026 07:00,7,4267.17301,41283.865,98.0769,100,99.97344,100,,99.77659,16.16667,0.10462,4.45561,4.02642,0.42919,100,0,,100,100,1.37583
ERICSSON,DTP,DTP022,LN-CBE001M-TGG,ENM13/LN-CBE001M-TGG/12,4G-CBE001M12-TGG,CELL,10/02/2026 10:00,10,2742.07215,27339.84803,97.0275,100,99.96926,100,,99.41278,25.83333,0.10144,6.21628,5.49725,0.71904,100,0,,100,100,0.76194
ERICSSON,DTP,DTP022,LN-CBE001M-TGG,ENM13/LN-CBE001M-TGG/12,4G-CBE001M12-TGG,CELL,10/02/2026 00:00,0,6624.79506,48286.77697,97.3614,0,99.98302,100,,96.9496,9,0,2.63495,2.48022,0.15472,,0,,100,100,0.01361
ERICSSON,DTP,DTP022,LN-CBE001M-TGG,ENM13/LN-CBE001M-TGG/12,4G-CBE001M12-TGG,CELL,10/02/2026 23:00,23,3997.82946,48749.46245,98.8012,,99.92154,100,,100,9.5,0.03889,2.33896,2.13052,0.20844,,0,,100,100,0.01056
ERICSSON,DTP,DTP022,LN-CBE001M-TGG,ENM13/LN-CBE001M-TGG/12,4G-CBE001M12-TGG,CELL,10/02/2026 22:00,22,2812.64565,28302.21707,97.9068,,100,100,,99.53747,13.83333,0.03427,3.16864,2.84334,0.3253,,0,,100,100,0.055
ERICSSON,DTP,DTP022,LN-CBE001M-TGG,ENM13/LN-CBE001M-TGG/12,4G-CBE001M12-TGG,CELL,10/02/2026 09:00,9,3412.65911,28487.74729,96.4355,100,99.95033,100,,99.69157,29.33333,0.13739,7.41004,6.66446,0.74558,,0,,100,100,1.11861
ERICSSON,DTP,DTP022,LN-CBE001M-TGG,ENM13/LN-CBE001M-TGG/12,4G-CBE001M12-TGG,CELL,10/02/2026 05:00,5,1677.76546,35793.99414,96.9757,100,99.9441,100,,98.71072,14.83333,0.02753,2.99429,2.80661,0.18768,,0,,100,100,0.29889
ERICSSON,DTP,DTP022,LN-CBE001M-TGG,ENM13/LN-CBE001M-TGG/12,4G-CBE001M12-TGG,CELL,10/02/2026 06:00,6,2472.94791,38365.56746,97.3576,100,99.97865,77.77778,,99.76526,19.83333,0.1497,5.40909,5.10593,0.30316,100,0,,100,100,0.62167
ERICSSON,DTP,DTP022,LN-CBE001M-TGG,ENM13/LN-CBE001M-TGG/12,4G-CBE001M12-TGG,CELL,10/02/2026 12:00,12,3435.95157,15834.50676,95.7233,100,99.92664,83.33333,,99.41664,46.33333,0.15838,9.54736,8.84632,0.70105,100,0,,100,100,0.68222
ERICSSON,DTP,DTP022,LN-CBE001M-TGG,ENM13/LN-CBE001M-TGG/12,4G-CBE001M12-TGG,CELL,10/02/2026 04:00,4,1907.74808,37592.92169,98.2893,100,100,100,,99.76048,7,0,1.34331,1.2666,0.07672,100,0,,100,100,0.07972
ERICSSON,DTP,DTP022,LN-CBE001M-TGG,ENM13/LN-CBE001M-TGG/12,4G-CBE001M12-TGG,CELL,10/03/2026 08:00,8,3555.44735,19050.56907,96.9274,100,99.95244,95,,99.26385,32.33333,0.1597,7.79044,7.10184,0.6886,100,0,,100,100,1.40472
ERICSSON,DTP,DTP022,LN-CBE001M-TGG,ENM13/LN-CBE001M-TGG/12,4G-CBE001M12-TGG,CELL,10/03/2026 18:00,18,2863.69889,25898.17766,95.802,100,99.93557,78.57143,,99.90851,21.66667,0.01243,3.97136,3.64378,0.32757,100,0,,100,100,0.71083
ERICSSON,DTP,DTP022,LN-CBE001M-TGG,ENM13/LN-CBE001M-TGG/12,4G-CBE001M12-TGG,CELL,10/03/2026 20:00,20,3591.04903,24681.97564,96.1393,100,99.96809,94.44444,,99.47028,24.33333,0.05965,4.38041,4.02459,0.35582,,0,,100,100,0.12528
ERICSSON,DTP,DTP022,LN-CBE001M-TGG,ENM13/LN-CBE001M-TGG/12,4G-CBE001M12-TGG,CELL,10/03/2026 21:00,21,10019.38629,31145.79648,97.4393,100,99.95116,100,,99.60239,21.16667,0.25059,4.93306,4.40277,0.5303,,0,,,100,0.05444
ERICSSON,DTP,DTP022,LN-CBE001M-TGG,ENM13/LN-CBE001M-TGG/12,4G-CBE001M12-TGG,CELL,10/03/2026 12:00,12,3416.50986,23396.82617,96.3863,100,99.9711,100,,99.39134,35.66667,0.05766,8.78089,7.93356,0.84733,100,0,,100,100,0.73722
ERICSSON,DTP,DTP022,LN-CBE001M-TGG,ENM13/LN-CBE001M-TGG/12,4G-CBE001M12-TGG,CELL,10/03/2026 02:00,2,3582.13697,48165.08199,99.0786,,99.98059,83.33333,,99.85735,5.83333,0.01936,1.12993,1.04402,0.08591,,0,,100,100,0.01
ERICSSON,DTP,DTP022,LN-CBE001M-TGG,ENM13/LN-CBE001M-TGG/12,4G-CBE001M12-TGG,CELL,10/03/2026 07:00,7,3388.58408,34899.14218,97.8002,100,99.97541,92.85714,,99.12442,23.66667,0.14661,6.73964,5.91896,0.82068,100,0,,100,100,1.28306
ERICSSON,DTP,DTP022,LN-CBE001M-TGG,ENM13/LN-CBE001M-TGG/12,4G-CBE001M12-TGG,CELL,10/03/2026 22:00,22,6610.95084,31897.44991,97.2824,100,99.85511,100,,99.62157,11.66667,0.01781,2.44003,2.17997,0.26006,,0,,100,100,0.10778
ERICSSON,DTP,DTP022,LN-CBE001M-TGG,ENM13/LN-CBE001M-TGG/12,4G-CBE001M12-TGG,CELL,10/03/2026 05:00,5,3755.45648,46777.91414,98.349,100,99.89988,100,,99.41691,15,0.1001,4.44781,4.20406,0.24375,,0,,100,100,0.13639
ERICSSON,DTP,DTP022,LN-CBE001M-TGG,ENM13/LN-CBE001M-TGG/12,4G-CBE001M12-TGG,CELL,10/03/2026 23:00,23,5657.67772,42137.20287,97.8791,100,99.98058,87.5,,99.39173,8.5,0.01832,1.653,1.50155,0.15145,,0,,100,100,0.04722
ERICSSON,DTP,DTP022,LN-CBE001M-TGG,ENM13/LN-CBE001M-TGG/12,4G-CBE001M12-TGG,CELL,10/03/2026 00:00,0,2340.64677,54817.14643,98.7404,100,100,100,,99.8062,12,0.03858,3.25471,3.09168,0.16304,,0,,100,100,0.00278
ERICSSON,DTP,DTP022,LN-CBE001M-TGG,ENM13/LN-CBE001M-TGG/12,4G-CBE001M12-TGG,CELL,10/03/2026 17:00,17,4396.46601,31639.93819,97.0568,100,99.9749,100,,99.64314,19.83333,0.04558,4.50988,4.10536,0.40452,100,0,,100,100,0.56056
ERICSSON,DTP,DTP022,LN-CBE001M-TGG,ENM13/LN-CBE001M-TGG/12,4G-CBE001M12-TGG,CELL,10/03/2026 19:00,19,2473.63537,24567.93239,95.9914,100,99.98507,96,,99.32789,26.5,0.07398,4.88328,4.3552,0.52808,100,0,,100,100,0.48389
ERICSSON,DTP,DTP022,LN-CBE001M-TGG,ENM13/LN-CBE001M-TGG/12,4G-CBE001M12-TGG,CELL,10/03/2026 10:00,10,3140.76204,24798.57419,96.4112,100,99.91782,90.90909,,99.69564,25.5,0.15328,5.63264,4.88252,0.75013,100,0,,100,100,0.98333
ERICSSON,DTP,DTP022,LN-CBE001M-TGG,ENM13/LN-CBE001M-TGG/12,4G-CBE001M12-TGG,CELL,10/03/2026 09:00,9,3529.79251,23442.02533,96.8104,100,99.96637,100,,99.57369,29.16667,0.09158,6.68025,5.88024,0.80001,,0,,100,100,1.01389
ERICSSON,DTP,DTP022,LN-CBE001M-TGG,ENM13/LN-CBE001M-TGG/12,4G-CBE001M12-TGG,CELL,10/03/2026 04:00,4,5935.92537,48660.66952,98.3363,100,100,100,,99.38875,7.83333,0,2.01044,1.89783,0.11261,100,0,,100,100,0.06833
ERICSSON,DTP,DTP022,LN-CBE001M-TGG,ENM13/LN-CBE001M-TGG/12,4G-CBE001M12-TGG,CELL,10/03/2026 14:00,14,2898.27153,25800.16882,96.324,100,99.87616,100,,98.96466,32.66667,0.0627,8.00238,7.35103,0.65135,,0,,100,100,0.54667
ERICSSON,DTP,DTP022,LN-CBE001M-TGG,ENM13/LN-CBE001M-TGG/12,4G-CBE001M12-TGG,CELL,10/03/2026 06:00,6,37249.80422,42770.70229,98.1595,100,99.9875,100,,99.642,13.66667,0.14842,8.34909,3.12859,5.2205,,0,,100,100,0.505
ERICSSON,DTP,DTP022,LN-CBE001M-TGG,ENM13/LN-CBE001M-TGG/12,4G-CBE001M12-TGG,CELL,10/03/2026 11:00,11,3597.76004,27244.2267,96.3679,100,99.8739,100,,99.65922,29.5,0.13558,7.2568,6.50933,0.74746,100,0,,100,100,0.89444
ERICSSON,DTP,DTP022,LN-CBE001M-TGG,ENM13/LN-CBE001M-TGG/12,4G-CBE001M12-TGG,CELL,10/03/2026 13:00,13,6697.03069,25932.21181,96.4545,100,99.89742,100,,99.4087,34.33333,0.09814,8.38538,7.53208,0.85331,100,0,,100,100,0.53778
ERICSSON,DTP,DTP022,LN-CBE001M-TGG,ENM13/LN-CBE001M-TGG/12,4G-CBE001M12-TGG,CELL,10/03/2026 16:00,16,3363.79088,14149.24539,96.38,100,99.96401,100,,99.47541,36,0.03153,7.47883,6.8961,0.58273,100,0,,100,100,0.6225
ERICSSON,DTP,DTP022,LN-CBE001M-TGG,ENM13/LN-CBE001M-TGG/12,4G-CBE001M12-TGG,CELL,10/03/2026 03:00,3,3028.27391,47630.75323,99.0109,100,100,54.54546,,99.84686,6.16667,0.01911,1.40964,1.30917,0.10047,,0,,100,100,0.01083
ERICSSON,DTP,DTP022,LN-CBE001M-TGG,ENM13/LN-CBE001M-TGG/12,4G-CBE001M12-TGG,CELL,10/03/2026 15:00,15,9337.23185,15416.3157,96.6428,100,99.89808,100,,98.78249,42.5,0.02902,9.38042,8.33154,1.04888,,0,,100,100,0.78222
ERICSSON,DTP,DTP022,LN-CBE001M-TGG,ENM13/LN-CBE001M-TGG/12,4G-CBE001M12-TGG,CELL,10/03/2026 01:00,1,11396.29966,50242.82757,99.0985,,100,100,,100,8.83333,0,2.26667,2.00274,0.26393,,,,100,,0.02222
ERICSSON,DTP,DTP022,LN-CBE001M-TGG,ENM13/LN-CBE001M-TGG/12,4G-CBE001M12-TGG,CELL,10/04/2026 00:00,0,2719.36491,40866.52376,97.9868,,100,100,,99.8773,7.66667,0.05453,1.50093,1.37379,0.12713,100,0,,100,100,0.03139
ERICSSON,DTP,DTP022,LN-CBE001M-TGG,ENM13/LN-CBE001M-TGG/12,4G-CBE001M12-TGG,CELL,10/04/2026 05:00,5,5311.08826,47875.22949,98.043,100,100,100,,99.82684,10.83333,0.02828,2.76259,2.56828,0.19431,,0,,100,100,0.20778
ERICSSON,DTP,DTP022,LN-CBE001M-TGG,ENM13/LN-CBE001M-TGG/12,4G-CBE001M12-TGG,CELL,10/04/2026 02:00,2,5871.48699,53335.17521,97.749,,100,100,,99.8452,5.16667,0.03563,0.69682,0.63913,0.05769,,0,,,100,0.01806
ERICSSON,DTP,DTP022,LN-CBE001M-TGG,ENM13/LN-CBE001M-TGG/12,4G-CBE001M12-TGG,CELL,10/04/2026 20:00,20,6326.22303,30481.68073,97.649,100,99.8814,100,,99.80354,20.33333,0.09852,4.8704,4.37933,0.49106,,0,,100,100,0.09556
ERICSSON,DTP,DTP022,LN-CBE001M-TGG,ENM13/LN-CBE001M-TGG/12,4G-CBE001M12-TGG,CELL,10/04/2026 10:00,10,3122.66665,19662.82145,96.0918,100,99.91606,93.33333,,99.27104,30.33333,0.04696,6.41152,5.7019,0.70963,100,0,,100,100,0.72611
ERICSSON,DTP,DTP022,LN-CBE001M-TGG,ENM13/LN-CBE001M-TGG/12,4G-CBE001M12-TGG,CELL,10/04/2026 13:00,13,6369.9992,18969.97722,95.751,100,99.95998,97.22222,,99.31417,38,0.05989,7.59966,6.90735,0.69231,100,0,,100,100,0.625
ERICSSON,DTP,DTP022,LN-CBE001M-TGG,ENM13/LN-CBE001M-TGG/12,4G-CBE001M12-TGG,CELL,10/04/2026 16:00,16,4744.92422,21674.71404,96.267,100,99.88389,100,,99.18616,33.16667,0.03825,6.87578,6.04745,0.82833,,2.43902,,100,100,0.24361
ERICSSON,DTP,DTP022,LN-CBE001M-TGG,ENM13/LN-CBE001M-TGG/12,4G-CBE001M12-TGG,CELL,10/04/2026 17:00,17,4494.83015,20996.81699,95.3443,100,99.92344,85.71429,,99.71306,34.83333,0.1064,6.5763,5.91198,0.66432,,0,,100,100,0.42306
ERICSSON,DTP,DTP022,LN-CBE001M-TGG,ENM13/LN-CBE001M-TGG/12,4G-CBE001M12-TGG,CELL,10/04/2026 03:00,3,12742.74197,39558.56414,98.4854,100,99.98035,100,,99.85915,5.83333,0.0183,0.77128,0.64914,0.12214,,0,,,100,0
ERICSSON,DTP,DTP022,LN-CBE001M-TGG,ENM13/LN-CBE001M-TGG/12,4G-CBE001M12-TGG,CELL,10/04/2026 09:00,9,2605.15555,23728.42555,95.6368,100,99.93453,100,,99.30796,30.5,0.07733,6.63302,6.11742,0.5156,100,0,,100,100,1.19917
ERICSSON,DTP,DTP022,LN-CBE001M-TGG,ENM13/LN-CBE001M-TGG/12,4G-CBE001M12-TGG,CELL,10/04/2026 08:00,8,4372.80813,29742.78213,97.0102,100,99.96557,100,,99.62406,22.83333,0.12006,5.24003,4.51119,0.72884,,0,,100,100,0.88583
ERICSSON,DTP,DTP022,LN-CBE001M-TGG,ENM13/LN-CBE001M-TGG/12,4G-CBE001M12-TGG,CELL,10/04/2026 21:00,21,7060.37539,29276.09039,97.4286,,99.85742,55.55556,,99.62006,20.5,0,4.63633,4.27934,0.35699,,0,,100,100,0.13472
ERICSSON,DTP,DTP022,LN-CBE001M-TGG,ENM13/LN-CBE001M-TGG/12,4G-CBE001M12-TGG,CELL,10/04/2026 15:00,15,6585.84086,20160.41254,95.8273,100,99.96622,100,,99.6224,39,0.04477,8.62693,7.69748,0.92945,100,0,,100,100,0.5725
ERICSSON,DTP,DTP022,LN-CBE001M-TGG,ENM13/LN-CBE001M-TGG/12,4G-CBE001M12-TGG,CELL,10/04/2026 14:00,14,4198.64023,13208.83401,95.4389,100,99.98687,100,,99.35856,43,0.0105,7.90286,7.23804,0.66482,,0,,100,100,0.44222
ERICSSON,DTP,DTP022,LN-CBE001M-TGG,ENM13/LN-CBE001M-TGG/12,4G-CBE001M12-TGG,CELL,10/04/2026 23:00,23,4163.73587,51640.54118,98.216,100,99.94466,36.36364,,99.87484,7,0.01832,1.9547,1.82587,0.12883,,,,100,100,0.00222
ERICSSON,DTP,DTP022,LN-CBE001M-TGG,ENM13/LN-CBE001M-TGG/12,4G-CBE001M12-TGG,CELL,10/04/2026 01:00,1,7325.71338,40043.61215,97.4695,,100,100,,100,6,0,0.78655,0.68409,0.10246,,0,,100,,0.03806
ERICSSON,DTP,DTP022,LN-CBE001M-TGG,ENM13/LN-CBE001M-TGG/12,4G-CBE001M12-TGG,CELL,10/04/2026 04:00,4,3096.72117,55731.18836,98.3902,100,99.89258,100,,99.73684,7,0.10707,1.58987,1.50566,0.08421,100,0,,100,100,0.04194
ERICSSON,DTP,DTP022,LN-CBE001M-TGG,ENM13/LN-CBE001M-TGG/12,4G-CBE001M12-TGG,CELL,10/04/2026 19:00,19,3094.77661,19579.16178,96.7382,100,99.85593,100,,99.58353,35,0.06026,7.72835,6.77182,0.95653,100,0,,100,100,0.27694
ERICSSON,DTP,DTP022,LN-CBE001M-TGG,ENM13/LN-CBE001M-TGG/12,4G-CBE001M12-TGG,CELL,10/04/2026 11:00,11,3317.22859,25228.30762,96.3114,100,99.93041,83.33333,,99.30124,33.5,0.06543,7.71934,7.15054,0.5688,,0,,100,100,0.42278
ERICSSON,DTP,DTP022,LN-CBE001M-TGG,ENM13/LN-CBE001M-TGG/12,4G-CBE001M12-TGG,CELL,10/04/2026 07:00,7,4752.86883,31543.88316,96.3877,100,99.93234,100,,99.17231,17.66667,0.15106,3.71771,3.33152,0.38619,100,0,,100,100,1.03278
ERICSSON,DTP,DTP022,LN-CBE001M-TGG,ENM13/LN-CBE001M-TGG/12,4G-CBE001M12-TGG,CELL,10/04/2026 22:00,22,17984.00907,41658.83409,97.5367,100,100,73.33333,,99.51923,10,0.01955,2.56372,2.21782,0.3459,,,,100,,0.01056
ERICSSON,DTP,DTP022,LN-CBE001M-TGG,ENM13/LN-CBE001M-TGG/12,4G-CBE001M12-TGG,CELL,10/04/2026 12:00,12,3476.37408,26070.46404,95.8031,100,99.88608,91.30435,,99.25402,34.16667,0.06546,7.67753,7.14042,0.53712,100,0,,100,100,0.53722
ERICSSON,DTP,DTP022,LN-CBE001M-TGG,ENM13/LN-CBE001M-TGG/12,4G-CBE001M12-TGG,CELL,10/04/2026 18:00,18,2942.41665,20786.61571,96.0992,100,99.92671,100,,99.29356,29.66667,0.02934,5.57039,5.07228,0.4981,100,0,,100,100,0.82806
ERICSSON,DTP,DTP022,LN-CBE001M-TGG,ENM13/LN-CBE001M-TGG/12,4G-CBE001M12-TGG,CELL,10/04/2026 06:00,6,3080.31908,33706.75301,96.3108,100,99.93721,100,,99.45082,11.33333,0.06295,2.0845,1.87899,0.20551,,0,,100,100,0.5375
ERICSSON,DTP,DTP022,LN-CBE001M-TGG,ENM13/LN-CBE001M-TGG/13,4G-CBE001M13-TGG,CELL,10/01/2026 22:00,22,2446.21041,67375.63903,97.2056,100,100,0,,99.64664,6.5,0,1.78807,1.66805,0.12001,,0,,100,100,0.02667
ERICSSON,DTP,DTP022,LN-CBE001M-TGG,ENM13/LN-CBE001M-TGG/13,4G-CBE001M13-TGG,CELL,10/01/2026 17:00,17,3479.79686,44927.29146,96.5989,100,99.92812,100,,97.96092,12,0.00999,2.82286,2.45027,0.37259,,0,,100,100,0.4475
ERICSSON,DTP,DTP022,LN-CBE001M-TGG,ENM13/LN-CBE001M-TGG/13,4G-CBE001M13-TGG,CELL,10/01/2026 20:00,20,2084.31503,38995.23394,97.8899,100,99.98512,100,,99.20354,21.83333,0.0138,4.71402,4.28734,0.42667,,0,,100,100,0.21667
ERICSSON,DTP,DTP022,LN-CBE001M-TGG,ENM13/LN-CBE001M-TGG/13,4G-CBE001M13-TGG,CELL,10/01/2026 23:00,23,3397.76722,76237.27255,97.8263,,99.98663,100,,99.76443,5.66667,0,1.63015,1.4015,0.22864,,,,100,,0.00444
ERICSSON,DTP,DTP022,LN-CBE001M-TGG,ENM13/LN-CBE001M-TGG/13,4G-CBE001M13-TGG,CELL,10/01/2026 15:00,15,3675.10464,39606.63809,96.9375,100,99.98123,100,,93.11295,20.83333,0.03508,5.44847,4.96995,0.47852,,0,,100,100,0.85694
ERICSSON,DTP,DTP022,LN-CBE001M-TGG,ENM13/LN-CBE001M-TGG/13,4G-CBE001M13-TGG,CELL,10/01/2026 12:00,12,2211.16558,32898.45456,95.7664,100,99.95689,100,,98.79863,24.16667,0.03783,5.9869,5.58708,0.39983,,0,,100,100,0.27139
ERICSSON,DTP,DTP022,LN-CBE001M-TGG,ENM13/LN-CBE001M-TGG/13,4G-CBE001M13-TGG,CELL,10/01/2026 16:00,16,6879.02154,38600.75379,96.4342,100,100,100,,98.8111,15.33333,0.05283,3.38793,2.93716,0.45077,,0,,100,100,0.92667
ERICSSON,DTP,DTP022,LN-CBE001M-TGG,ENM13/LN-CBE001M-TGG/13,4G-CBE001M13-TGG,CELL,10/01/2026 11:00,11,1973.51896,36667.80554,95.8265,100,99.92829,100,,99.39066,19.16667,0.16745,4.60636,4.2514,0.35496,100,0,,100,100,0.57528
ERICSSON,DTP,DTP022,LN-CBE001M-TGG,ENM13/LN-CBE001M-TGG/13,4G-CBE001M13-TGG,CELL,10/01/2026 10:00,10,3273.40649,33613.82255,94.4584,100,100,100,,99.17744,23.5,0.08298,5.44325,4.96928,0.47397,,0,,100,100,0.58056
ERICSSON,DTP,DTP022,LN-CBE001M-TGG,ENM13/LN-CBE001M-TGG/13,4G-CBE001M13-TGG,CELL,10/01/2026 02:00,2,4418.52174,59097.57341,96.4374,,99.88274,100,,99.7195,5.83333,0,1.26324,1.19116,0.07208,,0,,100,,0.00083
ERICSSON,DTP,DTP022,LN-CBE001M-TGG,ENM13/LN-CBE001M-TGG/13,4G-CBE001M13-TGG,CELL,10/01/2026 01:00,1,5105.52083,79863.96312,97.8537,,99.93146,100,,99.53596,6,0,1.78979,1.719,0.07079,,,,100,100,0.0075
ERICSSON,DTP,DTP022,LN-CBE001M-TGG,ENM13/LN-CBE001M-TGG/13,4G-CBE001M13-TGG,CELL,10/01/2026 00:00,0,3249.08965,67621.71055,97.933,,100,,,99.57447,7,0,2.05037,1.98748,0.06288,,0,,,100,0.0325
ERICSSON,DTP,DTP022,LN-CBE001M-TGG,ENM13/LN-CBE001M-TGG/13,4G-CBE001M13-TGG,CELL,10/01/2026 21:00,21,2910.01226,55376.46003,97.3553,100,99.98707,42.85714,,99.48294,11.33333,0.01331,3.15795,2.95663,0.20132,,0,,100,100,0.06
ERICSSON,DTP,DTP022,LN-CBE001M-TGG,ENM13/LN-CBE001M-TGG/13,4G-CBE001M13-TGG,CELL,10/01/2026 19:00,19,2882.9444,38636.13235,97.2347,100,100,100,,99.4403,18.33333,0,3.469,3.15017,0.31882,,0,,100,100,0.585
ERICSSON,DTP,DTP022,LN-CBE001M-TGG,ENM13/LN-CBE001M-TGG/13,4G-CBE001M13-TGG,CELL,10/01/2026 18:00,18,2338.41734,35829.13295,96.1669,100,99.8555,100,,98.75195,18.33333,0.01026,3.90013,3.51411,0.38603,,0,,100,100,0.42694
ERICSSON,DTP,DTP022,LN-CBE001M-TGG,ENM13/LN-CBE001M-TGG/13,4G-CBE001M13-TGG,CELL,10/01/2026 14:00,14,1912.03011,37316.25128,96.4508,100,99.95142,87.5,,97.06653,25.16667,0.03238,6.1772,5.58073,0.59648,,0,,97.87234,100,1.13472
ERICSSON,DTP,DTP022,LN-CBE001M-TGG,ENM13/LN-CBE001M-TGG/13,4G-CBE001M13-TGG,CELL,10/01/2026 13:00,13,3552.02043,30350.24028,94.9521,100,99.9729,100,,99.6085,24.16667,0.0432,5.69547,5.10289,0.59258,,0,,100,100,0.44139
ERICSSON,DTP,DTP022,LN-CBE001M-TGG,ENM13/LN-CBE001M-TGG/13,4G-CBE001M13-TGG,CELL,10/01/2026 08:00,8,2954.33623,35861.7367,96.4874,100,99.96097,100,,99.67559,24,0.05388,5.68071,5.24955,0.43117,,0,,100,100,0.90444
ERICSSON,DTP,DTP022,LN-CBE001M-TGG,ENM13/LN-CBE001M-TGG/13,4G-CBE001M13-TGG,CELL,10/01/2026 09:00,9,3989.21233,38320.69871,95.9038,100,99.97361,100,,99.68652,16.33333,0.04819,3.81144,3.44279,0.36865,,0,,100,100,0.63056
ERICSSON,DTP,DTP022,LN-CBE001M-TGG,ENM13/LN-CBE001M-TGG/13,4G-CBE001M13-TGG,CELL,10/01/2026 07:00,7,3138.71369,40074.87177,97.4925,100,100,100,,99.69489,18.33333,0.15455,4.32164,3.93685,0.38479,100,0,,100,100,1.51778
ERICSSON,DTP,DTP022,LN-CBE001M-TGG,ENM13/LN-CBE001M-TGG/13,4G-CBE001M13-TGG,CELL,10/01/2026 06:00,6,2326.29692,55655.83978,96.8264,100,99.98841,100,,99.40594,10,0.0513,2.80652,2.57048,0.23604,,0,,100,100,0.53333
ERICSSON,DTP,DTP022,LN-CBE001M-TGG,ENM13/LN-CBE001M-TGG/13,4G-CBE001M13-TGG,CELL,10/01/2026 04:00,4,5625.45218,66316.75959,97.2624,,99.96161,100,,99.82206,5.83333,0.01255,1.42307,1.33647,0.0866,,0,,100,100,0.03111
ERICSSON,DTP,DTP022,LN-CBE001M-TGG,ENM13/LN-CBE001M-TGG/13,4G-CBE001M13-TGG,CELL,10/01/2026 05:00,5,4509.41816,59269.47037,97.5268,,99.97366,100,,99.81413,6.5,0.01232,2.13278,2.01549,0.11729,,0,,100,100,0.01389
ERICSSON,DTP,DTP022,LN-CBE001M-TGG,ENM13/LN-CBE001M-TGG/13,4G-CBE001M13-TGG,CELL,10/01/2026 03:00,3,6442.49176,57461.72895,96.6286,100,99.96086,100,,100,5.66667,0,0.86754,0.79523,0.07232,,0,,,100,0
ERICSSON,DTP,DTP022,LN-CBE001M-TGG,ENM13/LN-CBE001M-TGG/13,4G-CBE001M13-TGG,CELL,10/02/2026 06:00,6,3070.12035,44321.36732,96.6464,100,99.94362,100,,99.4403,9.33333,0.07316,2.08173,1.87825,0.20348,,0,,100,100,0.43056
ERICSSON,DTP,DTP022,LN-CBE001M-TGG,ENM13/LN-CBE001M-TGG/13,4G-CBE001M13-TGG,CELL,10/02/2026 05:00,5,3540.61875,54607.31867,98.061,100,100,100,,98.47793,6,0.05402,1.1842,1.10162,0.08259,,0,,100,100,0.03972
ERICSSON,DTP,DTP022,LN-CBE001M-TGG,ENM13/LN-CBE001M-TGG/13,4G-CBE001M13-TGG,CELL,10/02/2026 18:00,18,2340.73885,43874.90587,96.0457,100,99.95034,100,,99.32065,18.16667,0.0241,4.30575,3.84033,0.46542,100,0,,100,100,0.47028
ERICSSON,DTP,DTP022,LN-CBE001M-TGG,ENM13/LN-CBE001M-TGG/13,4G-CBE001M13-TGG,CELL,10/02/2026 02:00,2,2093.6734,57381.45958,98.357,,99.98552,75,,99.48276,5.5,0.01488,0.91713,0.86902,0.04812,,0,,100,100,0.01194
ERICSSON,DTP,DTP022,LN-CBE001M-TGG,ENM13/LN-CBE001M-TGG/13,4G-CBE001M13-TGG,CELL,10/02/2026 19:00,19,3632.43383,33831.79686,96.01,100,99.987,100,,99.4186,23.16667,0.02726,4.97388,4.56121,0.41268,,0,,100,100,0.26972
ERICSSON,DTP,DTP022,LN-CBE001M-TGG,ENM13/LN-CBE001M-TGG/13,4G-CBE001M13-TGG,CELL,10/02/2026 15:00,15,2731.55414,26616.77237,96.0519,100,99.98034,100,,99.36272,30.83333,0.03724,6.50721,6.01052,0.49668,,0,,100,100,0.55389
ERICSSON,DTP,DTP022,LN-CBE001M-TGG,ENM13/LN-CBE001M-TGG/13,4G-CBE001M13-TGG,CELL,10/02/2026 16:00,16,4353.57999,34650.53608,96.494,100,99.98196,100,,99.77679,21,0.00937,4.44825,3.88143,0.56682,,0,,100,100,0.43278
ERICSSON,DTP,DTP022,LN-CBE001M-TGG,ENM13/LN-CBE001M-TGG/13,4G-CBE001M13-TGG,CELL,10/02/2026 20:00,20,2059.19905,31301.10186,96.6617,100,99.9604,100,,99.56835,25.5,0.02626,5.98343,5.35247,0.63096,,0,,100,100,0.11694
ERICSSON,DTP,DTP022,LN-CBE001M-TGG,ENM13/LN-CBE001M-TGG/13,4G-CBE001M13-TGG,CELL,10/02/2026 07:00,7,3630.9266,58679.13753,97.2905,100,99.97967,100,,99.86082,14.5,0.11741,3.79733,3.45803,0.3393,100,0,,100,100,0.92806
ERICSSON,DTP,DTP022,LN-CBE001M-TGG,ENM13/LN-CBE001M-TGG/13,4G-CBE001M13-TGG,CELL,10/02/2026 10:00,10,4902.45101,38583.69315,97.088,100,99.97489,100,,99.42463,22.83333,0.08775,6.23276,5.38462,0.84815,,0,,100,100,0.75944
ERICSSON,DTP,DTP022,LN-CBE001M-TGG,ENM13/LN-CBE001M-TGG/13,4G-CBE001M13-TGG,CELL,10/02/2026 04:00,4,8901.11798,61397.38118,98.6889,,99.9699,100,,99.44444,5.33333,0.01393,0.82011,0.7517,0.06842,,0,,,100,0.00889
ERICSSON,DTP,DTP022,LN-CBE001M-TGG,ENM13/LN-CBE001M-TGG/13,4G-CBE001M13-TGG,CELL,10/02/2026 03:00,3,3268.76428,57409.00645,98.7124,100,99.95363,,,99.55947,5.33333,0.04606,0.81381,0.7593,0.05451,,,,,,0
ERICSSON,DTP,DTP022,LN-CBE001M-TGG,ENM13/LN-CBE001M-TGG/13,4G-CBE001M13-TGG,CELL,10/02/2026 09:00,9,3128.44845,28714.99973,97.0178,100,99.94232,87.5,,99.35932,39.16667,0.09044,10.00646,9.39822,0.60824,,0,,100,100,0.94028
ERICSSON,DTP,DTP022,LN-CBE001M-TGG,ENM13/LN-CBE001M-TGG/13,4G-CBE001M13-TGG,CELL,10/02/2026 23:00,23,3129.53488,69737.26249,98.2428,,99.98543,100,,99.72184,5.5,0.01365,1.43026,1.33005,0.10021,,,,,,0
ERICSSON,DTP,DTP022,LN-CBE001M-TGG,ENM13/LN-CBE001M-TGG/13,4G-CBE001M13-TGG,CELL,10/02/2026 12:00,12,3033.8626,29203.37744,96.6077,100,99.95435,93.75,,99.78552,29.33333,0.03621,6.4762,6.00083,0.47538,,0,,100,100,0.40944
ERICSSON,DTP,DTP022,LN-CBE001M-TGG,ENM13/LN-CBE001M-TGG/13,4G-CBE001M13-TGG,CELL,10/02/2026 08:00,8,3106.25474,37935.75219,97.3819,100,99.9901,94.11765,,99.6063,25.83333,0.08427,6.22519,5.72434,0.50085,,0,,100,100,0.66833
ERICSSON,DTP,DTP022,LN-CBE001M-TGG,ENM13/LN-CBE001M-TGG/13,4G-CBE001M13-TGG,CELL,10/02/2026 13:00,13,3752.89084,33324.52443,96.6895,100,99.97191,100,,99.821,23.16667,0.01822,5.37541,4.98124,0.39417,,0,,100,100,0.27417
ERICSSON,DTP,DTP022,LN-CBE001M-TGG,ENM13/LN-CBE001M-TGG/13,4G-CBE001M13-TGG,CELL,10/02/2026 00:00,0,3968.90646,73025.08639,97.9868,,99.97225,100,,100,5.5,0.02847,1.2984,1.24368,0.05472,,0,,100,100,0.02639
ERICSSON,DTP,DTP022,LN-CBE001M-TGG,ENM13/LN-CBE001M-TGG/13,4G-CBE001M13-TGG,CELL,10/02/2026 17:00,17,2386.42857,42163.82673,96.4568,100,99.93929,100,,99.29847,17.66667,0.03065,4.38345,3.8435,0.53995,,0,,100,100,0.50028
ERICSSON,DTP,DTP022,LN-CBE001M-TGG,ENM13/LN-CBE001M-TGG/13,4G-CBE001M13-TGG,CELL,10/02/2026 11:00,11,2685.28095,37660.65936,96.7682,100,99.9603,100,,99.15206,26.16667,0.10206,6.93484,6.3243,0.61054,100,0,,100,100,0.55472
ERICSSON,DTP,DTP022,LN-CBE001M-TGG,ENM13/LN-CBE001M-TGG/13,4G-CBE001M13-TGG,CELL,10/02/2026 14:00,14,2482.44168,34295.14777,96.4531,100,99.94225,100,,98.84125,32.5,0.04378,7.10742,6.60778,0.49964,,0,,100,100,0.6975
ERICSSON,DTP,DTP022,LN-CBE001M-TGG,ENM13/LN-CBE001M-TGG/13,4G-CBE001M13-TGG,CELL,10/02/2026 22:00,22,2425.9151,54298.71641,97.4341,100,99.95627,100,,99.59637,7.66667,0.01405,2.23649,1.91432,0.32218,,0,,100,100,0.00694
ERICSSON,DTP,DTP022,LN-CBE001M-TGG,ENM13/LN-CBE001M-TGG/13,4G-CBE001M13-TGG,CELL,10/02/2026 01:00,1,4639.79433,76151.84932,97.859,,99.9704,,,99.67532,5.16667,0,0.66753,0.62403,0.0435,,,,100,,0.00333
ERICSSON,DTP,DTP022,LN-CBE001M-TGG,ENM13/LN-CBE001M-TGG/13,4G-CBE001M13-TGG,CELL,10/02/2026 21:00,21,2389.48955,34589.58246,96.8451,100,100,100,,99.33993,15.83333,0,3.46006,3.12375,0.33631,,0,,100,100,0.04472
ERICSSON,DTP,DTP022,LN-CBE001M-TGG,ENM13/LN-CBE001M-TGG/13,4G-CBE001M13-TGG,CELL,10/03/2026 20:00,20,2182.74311,38537.25841,96.4358,100,99.95896,100,,99.08257,25.5,0.01384,5.3619,5.10726,0.25463,,0,,100,100,0.05333
ERICSSON,DTP,DTP022,LN-CBE001M-TGG,ENM13/LN-CBE001M-TGG/13,4G-CBE001M13-TGG,CELL,10/03/2026 23:00,23,3154.2479,47455.36303,97.7969,,99.9703,100,,98.89807,6.5,0,1.39592,1.32688,0.06904,,,,,,0
ERICSSON,DTP,DTP022,LN-CBE001M-TGG,ENM13/LN-CBE001M-TGG/13,4G-CBE001M13-TGG,CELL,10/03/2026 21:00,21,1997.66582,37163.72707,97.2049,,99.98537,,,98.85551,17.5,0.04037,4.02467,3.76645,0.25822,,0,,,100,0.02667
ERICSSON,DTP,DTP022,LN-CBE001M-TGG,ENM13/LN-CBE001M-TGG/13,4G-CBE001M13-TGG,CELL,10/03/2026 09:00,9,4951.54323,33232.06282,95.8381,100,99.99223,100,,99.4186,25.33333,0.04119,6.07595,5.53635,0.5396,,0,,100,100,0.96944
ERICSSON,DTP,DTP022,LN-CBE001M-TGG,ENM13/LN-CBE001M-TGG/13,4G-CBE001M13-TGG,CELL,10/03/2026 12:00,12,3202.05467,30673.53375,95.8767,100,100,100,,99.32998,31.33333,0.07279,8.07527,7.54322,0.53205,,0,,100,100,0.60361
ERICSSON,DTP,DTP022,LN-CBE001M-TGG,ENM13/LN-CBE001M-TGG/13,4G-CBE001M13-TGG,CELL,10/03/2026 16:00,16,6535.48017,37286.17685,97.1805,100,99.9798,100,,99.44341,24.66667,0.00959,6.58623,5.88696,0.69927,,0,,100,100,0.59917
ERICSSON,DTP,DTP022,LN-CBE001M-TGG,ENM13/LN-CBE001M-TGG/13,4G-CBE001M13-TGG,CELL,10/03/2026 13:00,13,4019.06359,31422.0408,96.5461,100,99.97157,100,,99.37435,27,0.06552,6.30483,5.73665,0.56818,,0,,100,100,0.64056
ERICSSON,DTP,DTP022,LN-CBE001M-TGG,ENM13/LN-CBE001M-TGG/13,4G-CBE001M13-TGG,CELL,10/03/2026 14:00,14,6161.3042,31457.97548,96.5657,100,99.92526,100,,99.54545,29.83333,0.08336,7.41727,6.79976,0.61751,,0,,100,100,0.91583
ERICSSON,DTP,DTP022,LN-CBE001M-TGG,ENM13/LN-CBE001M-TGG/13,4G-CBE001M13-TGG,CELL,10/03/2026 06:00,6,2414.36719,63512.67568,98.1016,100,99.96289,100,,99.71645,7,0.07605,2.06564,1.84299,0.22265,100,0,,100,100,0.55361
ERICSSON,DTP,DTP022,LN-CBE001M-TGG,ENM13/LN-CBE001M-TGG/13,4G-CBE001M13-TGG,CELL,10/03/2026 11:00,11,7179.60282,27926.62207,95.3528,100,99.97125,100,,99.32044,27.83333,0.05588,6.23187,5.62875,0.60311,,0,,100,100,0.74
ERICSSON,DTP,DTP022,LN-CBE001M-TGG,ENM13/LN-CBE001M-TGG/13,4G-CBE001M13-TGG,CELL,10/03/2026 18:00,18,3152.31562,30220.66868,96.6764,100,100,100,,99.06905,21.16667,0,4.17973,3.79099,0.38874,,0,,100,100,0.1225
ERICSSON,DTP,DTP022,LN-CBE001M-TGG,ENM13/LN-CBE001M-TGG/13,4G-CBE001M13-TGG,CELL,10/03/2026 01:00,1,3442.41346,44541.60512,98.4283,,99.89724,100,,99.74747,5.83333,0.01447,0.74312,0.70439,0.03873,,,,100,,0.00222
ERICSSON,DTP,DTP022,LN-CBE001M-TGG,ENM13/LN-CBE001M-TGG/13,4G-CBE001M13-TGG,CELL,10/03/2026 19:00,19,2447.3599,38595.25718,96.6247,100,99.95704,100,,99.52562,22.66667,0.01413,4.58304,4.15927,0.42378,,0,,100,100,0.32778
ERICSSON,DTP,DTP022,LN-CBE001M-TGG,ENM13/LN-CBE001M-TGG/13,4G-CBE001M13-TGG,CELL,10/03/2026 07:00,7,3681.28883,44295.15808,97.3076,100,99.96125,100,,99.88053,18.83333,0.11101,4.54077,4.1243,0.41647,,0,,100,100,0.82306
ERICSSON,DTP,DTP022,LN-CBE001M-TGG,ENM13/LN-CBE001M-TGG/13,4G-CBE001M13-TGG,CELL,10/03/2026 03:00,3,5577.28285,66922.06786,98.8374,,99.81317,,,99.85294,5,0,0.57524,0.54431,0.03093,,,,100,,0.00444
ERICSSON,DTP,DTP022,LN-CBE001M-TGG,ENM13/LN-CBE001M-TGG/13,4G-CBE001M13-TGG,CELL,10/03/2026 22:00,22,4456.18629,41601.84815,97.6628,,99.97253,100,,99.40653,8,0,2.36131,2.19357,0.16773,,0,,,100,0.00167
ERICSSON,DTP,DTP022,LN-CBE001M-TGG,ENM13/LN-CBE001M-TGG/13,4G-CBE001M13-TGG,CELL,10/03/2026 05:00,5,1698.72929,77120.32458,98.8688,100,99.88516,100,,99.35897,6,0,1.81057,1.5285,0.28207,,0,,91.66667,100,0.11167
ERICSSON,DTP,DTP022,LN-CBE001M-TGG,ENM13/LN-CBE001M-TGG/13,4G-CBE001M13-TGG,CELL,10/03/2026 08:00,8,5769.32928,40479.99609,96.541,100,99.98188,100,,99.55975,22,0.08427,5.7613,5.24216,0.51913,,0,,100,100,1.39139
ERICSSON,DTP,DTP022,LN-CBE001M-TGG,ENM13/LN-CBE001M-TGG/13,4G-CBE001M13-TGG,CELL,10/03/2026 15:00,15,4893.18164,28643.36151,96.5192,100,99.97873,88.88889,,99.54476,26.83333,0.08175,6.12447,5.6162,0.50826,,0,,100,100,0.44556
ERICSSON,DTP,DTP022,LN-CBE001M-TGG,ENM13/LN-CBE001M-TGG/13,4G-CBE001M13-TGG,CELL,10/03/2026 02:00,2,4827.38933,62016.85253,98.4989,100,99.97064,,,99.84351,5,0.02675,0.43702,0.40756,0.02946,,0,,,100,0.01333
ERICSSON,DTP,DTP022,LN-CBE001M-TGG,ENM13/LN-CBE001M-TGG/13,4G-CBE001M13-TGG,CELL,10/03/2026 00:00,0,2989.03903,75503.97424,98.1118,,99.91487,100,,99.62121,5.16667,0,0.96644,0.92695,0.0395,,0,,100,,0.0025
ERICSSON,DTP,DTP022,LN-CBE001M-TGG,ENM13/LN-CBE001M-TGG/13,4G-CBE001M13-TGG,CELL,10/03/2026 17:00,17,5073.83845,45634.30872,98.1161,100,99.97491,100,,99.42101,15.83333,0.01138,4.32065,3.89947,0.42117,,0,,100,100,0.12722
ERICSSON,DTP,DTP022,LN-CBE001M-TGG,ENM13/LN-CBE001M-TGG/13,4G-CBE001M13-TGG,CELL,10/03/2026 04:00,4,3050.72727,64734.42446,98.369,100,99.77285,100,,99.754,5.66667,0.01506,1.14701,1.09866,0.04835,,0,,100,100,0.06417
ERICSSON,DTP,DTP022,LN-CBE001M-TGG,ENM13/LN-CBE001M-TGG/13,4G-CBE001M13-TGG,CELL,10/03/2026 10:00,10,10185.1087,30139.51882,95.1233,100,99.93067,100,,99.43705,28.5,0.05219,6.60372,5.87303,0.73069,,0,,100,100,1.19361
ERICSSON,DTP,DTP022,LN-CBE001M-TGG,ENM13/LN-CBE001M-TGG/13,4G-CBE001M13-TGG,CELL,10/04/2026 20:00,20,4041.31992,34710.31572,96.5576,100,99.97187,100,,98.9667,17.5,0.04068,3.75831,3.42727,0.33104,,0,,100,100,0.02278
ERICSSON,DTP,DTP022,LN-CBE001M-TGG,ENM13/LN-CBE001M-TGG/13,4G-CBE001M13-TGG,CELL,10/04/2026 03:00,3,4379.40935,87603.97736,98.5438,,100,50,,100,5,0.01244,0.65876,0.61024,0.04852,,0,,100,100,0.01944
ERICSSON,DTP,DTP022,LN-CBE001M-TGG,ENM13/LN-CBE001M-TGG/13,4G-CBE001M13-TGG,CELL,10/04/2026 07:00,7,4130.62854,36793.24151,96.6244,100,99.98434,91.66667,,99.45652,17.16667,0.10637,3.85708,3.51814,0.33894,,0,,100,100,0.69333
ERICSSON,DTP,DTP022,LN-CBE001M-TGG,ENM13/LN-CBE001M-TGG/13,4G-CBE001M13-TGG,CELL,10/04/2026 00:00,0,3666.04396,53773.57814,97.4431,100,100,100,,99.52038,8.16667,0,2.25617,2.12702,0.12915,,0,,,100,0.01528
ERICSSON,DTP,DTP022,LN-CBE001M-TGG,ENM13/LN-CBE001M-TGG/13,4G-CBE001M13-TGG,CELL,10/04/2026 19:00,19,3168.17596,31946.17824,96.4191,100,99.96059,100,,98.46403,21.16667,0.01354,4.80064,4.39754,0.4031,,0,,100,100,0.15056
ERICSSON,DTP,DTP022,LN-CBE001M-TGG,ENM13/LN-CBE001M-TGG/13,4G-CBE001M13-TGG,CELL,10/04/2026 16:00,16,3025.06875,36907.29046,95.6605,100,100,100,,99.09246,27.33333,0.03167,6.65912,6.20571,0.45341,,0,,100,100,0.43
ERICSSON,DTP,DTP022,LN-CBE001M-TGG,ENM13/LN-CBE001M-TGG/13,4G-CBE001M13-TGG,CELL,10/04/2026 23:00,23,9550.86311,81943.60481,98.6363,,99.98568,100,,98.82629,13.33333,0.02907,5.71221,5.42209,0.29012,,0,,,100,0.01
ERICSSON,DTP,DTP022,LN-CBE001M-TGG,ENM13/LN-CBE001M-TGG/13,4G-CBE001M13-TGG,CELL,10/04/2026 15:00,15,3120.58567,26785.47397,95.0258,100,99.93855,100,,98.95068,31.16667,0.05173,6.69127,6.13769,0.55358,,0,,100,100,0.54444
ERICSSON,DTP,DTP022,LN-CBE001M-TGG,ENM13/LN-CBE001M-TGG/13,4G-CBE001M13-TGG,CELL,10/04/2026 14:00,14,2822.80279,23460.41619,95.2991,100,99.9608,100,,99.0333,28.33333,0.08384,5.58339,4.93209,0.6513,,0,,96.2963,100,0.70389
ERICSSON,DTP,DTP022,LN-CBE001M-TGG,ENM13/LN-CBE001M-TGG/13,4G-CBE001M13-TGG,CELL,10/04/2026 09:00,9,3784.10202,38372.787,96.8666,100,99.9558,100,,98.09908,32.66667,0.09051,9.29643,8.70394,0.59249,100,0,,100,100,0.70667
ERICSSON,DTP,DTP022,LN-CBE001M-TGG,ENM13/LN-CBE001M-TGG/13,4G-CBE001M13-TGG,CELL,10/04/2026 12:00,12,7825.56518,37729.82075,96.0503,100,99.95446,100,,98.47112,26.5,0.00922,6.91029,6.30388,0.60641,,0,,100,100,0.18722
ERICSSON,DTP,DTP022,LN-CBE001M-TGG,ENM13/LN-CBE001M-TGG/13,4G-CBE001M13-TGG,CELL,10/04/2026 13:00,13,2256.37463,27044.96228,94.7046,100,99.96778,100,,91.97177,30.5,0.05954,7.04218,6.59155,0.45064,,0,,95.65217,100,0.28806
ERICSSON,DTP,DTP022,LN-CBE001M-TGG,ENM13/LN-CBE001M-TGG/13,4G-CBE001M13-TGG,CELL,10/04/2026 18:00,18,1995.22743,29333.67942,95.6646,100,99.98643,100,,99.17298,25.5,0.01218,5.05045,4.66612,0.38433,,0,,100,100,0.2825
ERICSSON,DTP,DTP022,LN-CBE001M-TGG,ENM13/LN-CBE001M-TGG/13,4G-CBE001M13-TGG,CELL,10/04/2026 21:00,21,5782.70572,32555.81683,96.3838,100,99.98536,100,,98.93293,7.5,0.01352,1.38408,1.19571,0.18837,,,,100,,0.00528
ERICSSON,DTP,DTP022,LN-CBE001M-TGG,ENM13/LN-CBE001M-TGG/13,4G-CBE001M13-TGG,CELL,10/04/2026 17:00,17,2200.09091,46869.88714,96.3495,100,100,100,,99.16724,22.33333,0.0334,6.06936,5.59831,0.47104,,0,,93.33333,100,0.595
ERICSSON,DTP,DTP022,LN-CBE001M-TGG,ENM13/LN-CBE001M-TGG/13,4G-CBE001M13-TGG,CELL,10/04/2026 11:00,11,5437.34926,37417.53404,96.7772,100,99.96671,100,,99.17501,30,0.03271,7.57433,6.89429,0.68004,,0,,100,100,0.355
ERICSSON,DTP,DTP022,LN-CBE001M-TGG,ENM13/LN-CBE001M-TGG/13,4G-CBE001M13-TGG,CELL,10/04/2026 10:00,10,5215.37639,34185.82771,96.83,100,99.98274,100,,98.31981,27.83333,0.19473,7.40265,6.75243,0.65023,,0,,100,100,0.67333
ERICSSON,DTP,DTP022,LN-CBE001M-TGG,ENM13/LN-CBE001M-TGG/13,4G-CBE001M13-TGG,CELL,10/04/2026 04:00,4,2508.50569,55460.77077,98.0721,,100,100,,100,7.16667,0.03497,1.11566,1.06441,0.05125,,0,,100,100,0.13667
ERICSSON,DTP,DTP022,LN-CBE001M-TGG,ENM13/LN-CBE001M-TGG/13,4G-CBE001M13-TGG,CELL,10/04/2026 02:00,2,7366.1165,30902.36946,97.7538,100,100,,,99.31741,5.5,0,0.42559,0.36061,0.06498,,,,,,0
ERICSSON,DTP,DTP022,LN-CBE001M-TGG,ENM13/LN-CBE001M-TGG/13,4G-CBE001M13-TGG,CELL,10/04/2026 22:00,22,2526.64176,82780.67454,97.9154,,99.97123,100,,99.82609,12,0,4.50104,4.30287,0.19818,,,,100,,0.00472
ERICSSON,DTP,DTP022,LN-CBE001M-TGG,ENM13/LN-CBE001M-TGG/13,4G-CBE001M13-TGG,CELL,10/04/2026 08:00,8,3478.10505,44253.94968,96.7232,100,99.93051,100,,99.31719,24,0.05336,6.74191,6.12772,0.61419,100,1.16279,,100,100,0.94333
ERICSSON,DTP,DTP022,LN-CBE001M-TGG,ENM13/LN-CBE001M-TGG/13,4G-CBE001M13-TGG,CELL,10/04/2026 05:00,5,2524.37431,53608.84335,97.9527,100,99.97664,100,,99.14712,11,0.02133,2.84214,2.72598,0.11616,,0,,100,100,0.15889
ERICSSON,DTP,DTP022,LN-CBE001M-TGG,ENM13/LN-CBE001M-TGG/13,4G-CBE001M13-TGG,CELL,10/04/2026 01:00,1,3805.1119,48812.78219,98.2742,50,99.97296,100,,99.28571,5.66667,0.02551,1.07105,0.98497,0.08608,,,,100,,0.0025
ERICSSON,DTP,DTP022,LN-CBE001M-TGG,ENM13/LN-CBE001M-TGG/13,4G-CBE001M13-TGG,CELL,10/04/2026 06:00,6,3099.86517,47039.36751,96.6925,100,99.9701,100,,99.3617,12.33333,0.0458,2.85197,2.63398,0.21799,,0,,100,100,0.61583
ERICSSON,DTP,DTP022,LN-CBE001E-TGG,ENM13/LN-CBE001E-TGG/41,4G-CBE001M41-TGG,CELL,10/01/2026 20:00,20,1488.33806,5891.02794,97.4942,100,100,100,100,95.83333,21.66667,0,0.77959,0.74042,0.03917,,0,,,100,0.01028
ERICSSON,DTP,DTP022,LN-CBE001E-TGG,ENM13/LN-CBE001E-TGG/41,4G-CBE001M41-TGG,CELL,10/01/2026 17:00,17,1458.94486,10042.52881,96.1891,100,99.58615,100,100,95.2381,6,0,0.12226,0.11512,0.00714,,0,,,100,0.00083
ERICSSON,DTP,DTP022,LN-CBE001E-TGG,ENM13/LN-CBE001E-TGG/41,4G-CBE001M41-TGG,CELL,10/01/2026 22:00,22,1566.9747,8706.24424,98.6592,,99.85251,100,97.14286,100,5.83333,0,0.12426,0.11763,0.00663,,,,,,0
ERICSSON,DTP,DTP022,LN-CBE001E-TGG,ENM13/LN-CBE001E-TGG/41,4G-CBE001M41-TGG,CELL,10/01/2026 23:00,23,756.63643,8596.08769,98.9926,,100,,100,100,5.16667,0,0.08477,0.07659,0.00818,,,,,,0
ERICSSON,DTP,DTP022,LN-CBE001E-TGG,ENM13/LN-CBE001E-TGG/41,4G-CBE001M41-TGG,CELL,10/01/2026 15:00,15,1098.99641,7930.85687,96.8827,100,99.59618,100,83.58209,100,7.33333,0,0.15573,0.14528,0.01045,,0,100,100,100,0.00722
ERICSSON,DTP,DTP022,LN-CBE001E-TGG,ENM13/LN-CBE001E-TGG/41,4G-CBE001M41-TGG,CELL,10/01/2026 12:00,12,1988.86241,11352.51605,94.8813,,99.4484,100,100,100,6,0,0.13402,0.1256,0.00842,,0,100,,100,0.0325
ERICSSON,DTP,DTP022,LN-CBE001E-TGG,ENM13/LN-CBE001E-TGG/41,4G-CBE001M41-TGG,CELL,10/01/2026 16:00,16,1361.16295,9614.56552,97.2221,100,99.68912,100,97.4359,96,5,0,0.0247,0.01878,0.00593,,0,100,100,100,0.08778
ERICSSON,DTP,DTP022,LN-CBE001E-TGG,ENM13/LN-CBE001E-TGG/41,4G-CBE001M41-TGG,CELL,10/01/2026 11:00,11,612.3553,11864.16592,94.3968,100,99.89213,100,100,100,5.5,0.09756,0.05904,0.05407,0.00497,,0,,100,100,0.05389
ERICSSON,DTP,DTP022,LN-CBE001E-TGG,ENM13/LN-CBE001E-TGG/41,4G-CBE001M41-TGG,CELL,10/01/2026 10:00,10,1785.24494,9459.42465,94.1094,100,99.81378,,98.4375,96.2963,6.5,0.09497,0.14196,0.13092,0.01104,,0,,,100,0.03417
ERICSSON,DTP,DTP022,LN-CBE001E-TGG,ENM13/LN-CBE001E-TGG/41,4G-CBE001M41-TGG,CELL,10/01/2026 02:00,2,816.3945,9935.16859,97.2262,,100,100,95.2381,100,5.16667,0,0.03333,0.02615,0.00718,,,,100,100,0
ERICSSON,DTP,DTP022,LN-CBE001E-TGG,ENM13/LN-CBE001E-TGG/41,4G-CBE001M41-TGG,CELL,10/01/2026 01:00,1,1954.71371,9551.61198,97.7682,,99.9001,,95.65217,100,6.5,0.10428,0.17239,0.16298,0.00942,,,,,,0
ERICSSON,DTP,DTP022,LN-CBE001E-TGG,ENM13/LN-CBE001E-TGG/41,4G-CBE001M41-TGG,CELL,10/01/2026 00:00,0,1856.77114,10481.98924,97.5271,,100,100,100,100,5.5,0,0.08003,0.07261,0.00742,,,,,,0
ERICSSON,DTP,DTP022,LN-CBE001E-TGG,ENM13/LN-CBE001E-TGG/41,4G-CBE001M41-TGG,CELL,10/01/2026 21:00,21,1117.85649,7922.08674,98.602,,99.89178,100,98.07692,100,7.33333,0.24242,0.17381,0.16099,0.01282,,0,,100,100,0.02722
ERICSSON,DTP,DTP022,LN-CBE001E-TGG,ENM13/LN-CBE001E-TGG/41,4G-CBE001M41-TGG,CELL,10/01/2026 19:00,19,707.30908,7601.68846,97.7106,100,99.29054,0,98.88889,100,8.83333,0,0.26874,0.26107,0.00767,,0,,,100,0.00917
ERICSSON,DTP,DTP022,LN-CBE001E-TGG,ENM13/LN-CBE001E-TGG/41,4G-CBE001M41-TGG,CELL,10/01/2026 18:00,18,861.20357,8857.58403,96.5385,,99.4036,100,98.86364,100,11.83333,0,0.44201,0.42572,0.01629,,0,,,,0.00528
ERICSSON,DTP,DTP022,LN-CBE001E-TGG,ENM13/LN-CBE001E-TGG/41,4G-CBE001M41-TGG,CELL,10/01/2026 14:00,14,1976.79486,9739.06969,96.0395,,99.67429,100,99,100,6.5,0.22805,0.14704,0.13449,0.01254,,0,,100,100,0.00139
ERICSSON,DTP,DTP022,LN-CBE001E-TGG,ENM13/LN-CBE001E-TGG/41,4G-CBE001M41-TGG,CELL,10/01/2026 13:00,13,895.63001,8927.07591,93.8252,,99.39399,100,100,100,5.83333,0,0.07121,0.06661,0.0046,100,0,,100,100,0.01083
ERICSSON,DTP,DTP022,LN-CBE001E-TGG,ENM13/LN-CBE001E-TGG/41,4G-CBE001M41-TGG,CELL,10/01/2026 08:00,8,865.32811,5407.8764,96.958,100,99.74522,,96.55172,100,5.83333,0,0.04462,0.03794,0.00668,,0,100,,100,0.02722
ERICSSON,DTP,DTP022,LN-CBE001E-TGG,ENM13/LN-CBE001E-TGG/41,4G-CBE001M41-TGG,CELL,10/01/2026 09:00,9,1619.47392,12219.96811,95.7806,100,99.72936,100,100,100,8.33333,0.1443,0.2776,0.26815,0.00945,,0,100,,100,0.00944
ERICSSON,DTP,DTP022,LN-CBE001E-TGG,ENM13/LN-CBE001E-TGG/41,4G-CBE001M41-TGG,CELL,10/01/2026 07:00,7,790.40522,4240.66798,98.8008,100,99.35171,,100,100,5,0.22989,0.0039,0.00276,0.00114,,,,,,0
ERICSSON,DTP,DTP022,LN-CBE001E-TGG,ENM13/LN-CBE001E-TGG/41,4G-CBE001M41-TGG,CELL,10/01/2026 06:00,6,1251.02023,11631.16655,97.352,100,100,100,100,100,5.16667,0.14045,0.0422,0.03822,0.00398,,0,,100,100,0.00694
ERICSSON,DTP,DTP022,LN-CBE001E-TGG,ENM13/LN-CBE001E-TGG/41,4G-CBE001M41-TGG,CELL,10/01/2026 04:00,4,1707.34127,8109.2193,97.7053,,100,,100,100,5.5,0.12285,0.03336,0.02934,0.00403,,,,,,0
ERICSSON,DTP,DTP022,LN-CBE001E-TGG,ENM13/LN-CBE001E-TGG/41,4G-CBE001M41-TGG,CELL,10/01/2026 05:00,5,944.22064,7873.15238,95.9527,,99.91511,100,100,100,5,0,0.01311,0.00913,0.00398,,0,,,,0.00556
ERICSSON,DTP,DTP022,LN-CBE001E-TGG,ENM13/LN-CBE001E-TGG/41,4G-CBE001M41-TGG,CELL,10/01/2026 03:00,3,1813.37907,11498.16007,97.6508,,100,,96.875,100,5.16667,0,0.02756,0.02323,0.00434,,,,,,0
ERICSSON,DTP,DTP022,LN-CBE001E-TGG,ENM13/LN-CBE001E-TGG/41,4G-CBE001M41-TGG,CELL,10/02/2026 18:00,18,1316.38365,9572.26662,98.6004,,99.53414,100,100,100,8.83333,0.13514,0.31481,0.29794,0.01688,,0,,100,100,0.005
ERICSSON,DTP,DTP022,LN-CBE001E-TGG,ENM13/LN-CBE001E-TGG/41,4G-CBE001M41-TGG,CELL,10/02/2026 08:00,8,1912.48443,10435.76448,96.8559,100,99.34372,100,100,100,8.16667,0,0.23386,0.21843,0.01544,,0,100,100,100,0.00917
ERICSSON,DTP,DTP022,LN-CBE001E-TGG,ENM13/LN-CBE001E-TGG/41,4G-CBE001M41-TGG,CELL,10/02/2026 03:00,3,2281.31733,10917.45348,99.0253,,99.52927,,100,100,5.16667,0.14706,0.03263,0.02997,0.00266,,,,,,0
ERICSSON,DTP,DTP022,LN-CBE001E-TGG,ENM13/LN-CBE001E-TGG/41,4G-CBE001M41-TGG,CELL,10/02/2026 09:00,9,346.07547,8308.15589,98.4136,,99.45775,100,100,100,5,0,0.01036,0.00844,0.00192,,,,,,0
ERICSSON,DTP,DTP022,LN-CBE001E-TGG,ENM13/LN-CBE001E-TGG/41,4G-CBE001M41-TGG,CELL,10/02/2026 07:00,7,1620.35763,10632.38229,96.6602,,99.48052,,100,100,5.5,0.12887,0.09892,0.09377,0.00515,,0,,100,100,0.01917
ERICSSON,DTP,DTP022,LN-CBE001E-TGG,ENM13/LN-CBE001E-TGG/41,4G-CBE001M41-TGG,CELL,10/02/2026 01:00,1,1374.26254,9660.55352,98.7741,,99.82578,,100,100,5,0,0.00906,0.0076,0.00146,,,,,,0
ERICSSON,DTP,DTP022,LN-CBE001E-TGG,ENM13/LN-CBE001E-TGG/41,4G-CBE001M41-TGG,CELL,10/02/2026 14:00,14,1368.26271,9424.67673,96.3938,100,100,100,98.97959,100,8.5,0.23669,0.28353,0.2696,0.01393,,0,,100,100,0.01667
ERICSSON,DTP,DTP022,LN-CBE001E-TGG,ENM13/LN-CBE001E-TGG/41,4G-CBE001M41-TGG,CELL,10/02/2026 00:00,0,2573.63636,7228.26622,98.6519,,99.68847,,100,100,5,0,0.03143,0.0197,0.01173,,,,,,0
ERICSSON,DTP,DTP022,LN-CBE001E-TGG,ENM13/LN-CBE001E-TGG/41,4G-CBE001M41-TGG,CELL,10/02/2026 15:00,15,1261.04752,10020.01779,94.4739,100,99.72936,100,100,100,6.16667,0,0.09129,0.08648,0.00481,,0,100,,100,0.01806
ERICSSON,DTP,DTP022,LN-CBE001E-TGG,ENM13/LN-CBE001E-TGG/41,4G-CBE001M41-TGG,CELL,10/02/2026 22:00,22,1729.0423,7633.18657,97.3243,,100,,100,100,5,0.1328,0.01002,0.0077,0.00231,,,,,,0
ERICSSON,DTP,DTP022,LN-CBE001E-TGG,ENM13/LN-CBE001E-TGG/41,4G-CBE001M41-TGG,CELL,10/02/2026 02:00,2,1272.76406,9557.83663,99.0654,,100,100,100,100,5,0,0.0162,0.01438,0.00183,,,,,,0
ERICSSON,DTP,DTP022,LN-CBE001E-TGG,ENM13/LN-CBE001E-TGG/41,4G-CBE001M41-TGG,CELL,10/02/2026 04:00,4,3454.0163,11185.59858,99.3169,,100,,100,100,5,0,0.02505,0.02145,0.00361,,,,,,0
ERICSSON,DTP,DTP022,LN-CBE001E-TGG,ENM13/LN-CBE001E-TGG/41,4G-CBE001M41-TGG,CELL,10/02/2026 10:00,10,952.2673,9177.7155,98.1502,,99.51691,100,98.46154,100,5,0,0.03367,0.03006,0.0036,,0,,,100,0.01361
ERICSSON,DTP,DTP022,LN-CBE001E-TGG,ENM13/LN-CBE001E-TGG/41,4G-CBE001M41-TGG,CELL,10/02/2026 21:00,21,1664.30862,8565.75313,97.6606,100,99.87894,100,100,100,6.33333,0.2594,0.12887,0.11906,0.00981,,,,,,0
ERICSSON,DTP,DTP022,LN-CBE001E-TGG,ENM13/LN-CBE001E-TGG/41,4G-CBE001M41-TGG,CELL,10/02/2026 19:00,19,1982.83584,7923.55824,97.8187,,100,100,100,96.42857,12,0,0.48013,0.45399,0.02614,,,,,,0
ERICSSON,DTP,DTP022,LN-CBE001E-TGG,ENM13/LN-CBE001E-TGG/41,4G-CBE001M41-TGG,CELL,10/02/2026 23:00,23,1381.50929,8887.20942,96.8145,100,98.91246,,100,100,5.5,0,0.09846,0.09444,0.00402,,,,,,0
ERICSSON,DTP,DTP022,LN-CBE001E-TGG,ENM13/LN-CBE001E-TGG/41,4G-CBE001M41-TGG,CELL,10/02/2026 06:00,6,1237.5211,11311.0484,98.3667,,99.59432,100,100,100,5,0.20161,0.02623,0.02175,0.00448,,,,,,0
ERICSSON,DTP,DTP022,LN-CBE001E-TGG,ENM13/LN-CBE001E-TGG/41,4G-CBE001M41-TGG,CELL,10/02/2026 11:00,11,1405.07844,8417.23315,96.2009,,99.41385,100,100,100,11.33333,0.13316,0.40255,0.38653,0.01602,,,,100,,0
ERICSSON,DTP,DTP022,LN-CBE001E-TGG,ENM13/LN-CBE001E-TGG/41,4G-CBE001M41-TGG,CELL,10/02/2026 16:00,16,908.53522,9322.43252,95.9692,,99.8615,100,97.84946,100,9.66667,0.14388,0.28533,0.27702,0.00831,,,100,,,0.005
ERICSSON,DTP,DTP022,LN-CBE001E-TGG,ENM13/LN-CBE001E-TGG/41,4G-CBE001M41-TGG,CELL,10/02/2026 05:00,5,1717.32125,10516.4291,98.9251,,99.76077,,100,100,5.33333,0.21978,0.08168,0.0768,0.00488,,,,,,0
ERICSSON,DTP,DTP022,LN-CBE001E-TGG,ENM13/LN-CBE001E-TGG/41,4G-CBE001M41-TGG,CELL,10/02/2026 17:00,17,1292.91831,11012.62256,95.1053,,99.85916,100,100,100,5.33333,0.13774,0.07956,0.07385,0.00571,100,0,,100,100,0.05778
ERICSSON,DTP,DTP022,LN-CBE001E-TGG,ENM13/LN-CBE001E-TGG/41,4G-CBE001M41-TGG,CELL,10/02/2026 12:00,12,415.39055,9291.97912,98.1709,,99.8718,100,99.04762,100,7.66667,0,0.23907,0.22589,0.01318,,,100,,100,0
ERICSSON,DTP,DTP022,LN-CBE001E-TGG,ENM13/LN-CBE001E-TGG/41,4G-CBE001M41-TGG,CELL,10/02/2026 13:00,13,914.50761,9882.85154,94.7281,,99.74969,100,100,100,7.83333,0,0.23387,0.21143,0.02244,,0,100,,100,0.02472
ERICSSON,DTP,DTP022,LN-CBE001E-TGG,ENM13/LN-CBE001E-TGG/41,4G-CBE001M41-TGG,CELL,10/02/2026 20:00,20,1120.85158,6950.60748,98.55,100,99.56427,100,100,100,7.83333,0,0.2167,0.19861,0.01809,,,100,,100,0
ERICSSON,DTP,DTP022,LN-CBE001E-TGG,ENM13/LN-CBE001E-TGG/41,4G-CBE001M41-TGG,CELL,10/03/2026 18:00,18,220.4732,8719.6005,96.0754,,99.6121,100,98.57143,100,8.5,0.22831,0.24165,0.22636,0.01529,,16.66667,100,,100,0.03028
ERICSSON,DTP,DTP022,LN-CBE001E-TGG,ENM13/LN-CBE001E-TGG/41,4G-CBE001M41-TGG,CELL,10/03/2026 02:00,2,990.33589,12220.12965,97.2726,,99.80601,,100,100,5.16667,0,0.02937,0.02554,0.00383,,,,,,0
ERICSSON,DTP,DTP022,LN-CBE001E-TGG,ENM13/LN-CBE001E-TGG/41,4G-CBE001M41-TGG,CELL,10/03/2026 11:00,11,1576.90281,11162.42124,97.8439,100,99.60416,100,100,96.42857,6.66667,0,0.13296,0.11825,0.01471,,,,100,100,0.00111
ERICSSON,DTP,DTP022,LN-CBE001E-TGG,ENM13/LN-CBE001E-TGG/41,4G-CBE001M41-TGG,CELL,10/03/2026 12:00,12,789.85363,8001.77056,95.7037,,98.3631,100,100,100,5.16667,0,0.03681,0.03313,0.00369,,,100,100,100,0.00694
ERICSSON,DTP,DTP022,LN-CBE001E-TGG,ENM13/LN-CBE001E-TGG/41,4G-CBE001M41-TGG,CELL,10/03/2026 13:00,13,569.78517,5216.12447,95.3051,100,99.65478,100,100,95.65217,5,0,0.01255,0.00852,0.00403,,0,,,100,0.00417
ERICSSON,DTP,DTP022,LN-CBE001E-TGG,ENM13/LN-CBE001E-TGG/41,4G-CBE001M41-TGG,CELL,10/03/2026 06:00,6,779.57254,8118.79024,95.5792,,99.53501,100,100,100,5,0,0.02112,0.01763,0.00349,,,,,,0
ERICSSON,DTP,DTP022,LN-CBE001E-TGG,ENM13/LN-CBE001E-TGG/41,4G-CBE001M41-TGG,CELL,10/03/2026 16:00,16,773.9826,8762.38149,97.5749,100,99.52958,100,98.9011,94.11765,5.83333,0,0.06021,0.05615,0.00406,,,,,,0
ERICSSON,DTP,DTP022,LN-CBE001E-TGG,ENM13/LN-CBE001E-TGG/41,4G-CBE001M41-TGG,CELL,10/03/2026 03:00,3,934.60792,7210.04566,95.8263,,100,,100,100,5,0,0.0042,0.00293,0.00127,,,,,,0
ERICSSON,DTP,DTP022,LN-CBE001E-TGG,ENM13/LN-CBE001E-TGG/41,4G-CBE001M41-TGG,CELL,10/03/2026 09:00,9,1685.76734,11596.08087,97.1953,100,99.45934,100,100,100,6,0,0.14464,0.13953,0.00511,,0,,,100,0.00417
ERICSSON,DTP,DTP022,LN-CBE001E-TGG,ENM13/LN-CBE001E-TGG/41,4G-CBE001M41-TGG,CELL,10/03/2026 20:00,20,1052.56833,7352.69354,97.7277,,99.58949,100,95,100,12.33333,0.16181,0.41835,0.40254,0.01581,,,,,,0
ERICSSON,DTP,DTP022,LN-CBE001E-TGG,ENM13/LN-CBE001E-TGG/41,4G-CBE001M41-TGG,CELL,10/03/2026 10:00,10,1208.96177,7548.2207,97.104,100,99.52346,100,100,100,5.5,0,0.05941,0.05007,0.00934,,0,,100,100,0.01722
ERICSSON,DTP,DTP022,LN-CBE001E-TGG,ENM13/LN-CBE001E-TGG/41,4G-CBE001M41-TGG,CELL,10/03/2026 08:00,8,2302.96907,13165.63436,97.9962,100,99.46162,100,100,100,8.16667,0,0.30015,0.29078,0.00938,,0,,,100,0.03111
ERICSSON,DTP,DTP022,LN-CBE001E-TGG,ENM13/LN-CBE001E-TGG/41,4G-CBE001M41-TGG,CELL,10/03/2026 17:00,17,704.66321,8918.50594,97.034,,99.00588,100,100,100,5,0,0.00327,0.00214,0.00114,,0,100,,100,0.02
ERICSSON,DTP,DTP022,LN-CBE001E-TGG,ENM13/LN-CBE001E-TGG/41,4G-CBE001M41-TGG,CELL,10/03/2026 22:00,22,745.73041,9876.81916,92.8209,,99.21287,100,100,100,5.33333,0,0.0522,0.04727,0.00493,,,,,,0
ERICSSON,DTP,DTP022,LN-CBE001E-TGG,ENM13/LN-CBE001E-TGG/41,4G-CBE001M41-TGG,CELL,10/03/2026 00:00,0,1309.83369,11418.61888,96.6492,,99.81719,,93.75,100,5,0,0.07358,0.0712,0.00237,,,,,,0
ERICSSON,DTP,DTP022,LN-CBE001E-TGG,ENM13/LN-CBE001E-TGG/41,4G-CBE001M41-TGG,CELL,10/03/2026 05:00,5,1561.34658,9217.91785,95.0744,,99.4495,,100,100,5,0,0.01852,0.01639,0.00213,,,,,,0
ERICSSON,DTP,DTP022,LN-CBE001E-TGG,ENM13/LN-CBE001E-TGG/41,4G-CBE001M41-TGG,CELL,10/03/2026 07:00,7,3323.28972,11067.79564,94.3424,,100,100,100,100,6.33333,0.50891,0.16809,0.14388,0.0242,100,0,,100,100,0.01861
ERICSSON,DTP,DTP022,LN-CBE001E-TGG,ENM13/LN-CBE001E-TGG/41,4G-CBE001M41-TGG,CELL,10/03/2026 23:00,23,466.91176,5261.08863,96.4255,,99.25333,,100,100,5.16667,0.05391,0.01339,0.01039,0.003,,,,,,0
ERICSSON,DTP,DTP022,LN-CBE001E-TGG,ENM13/LN-CBE001E-TGG/41,4G-CBE001M41-TGG,CELL,10/03/2026 14:00,14,2190.6013,8125.83719,95.6641,100,98.85961,100,100,96.875,5.83333,0,0.08513,0.06203,0.0231,,0,100,100,100,0.02833
ERICSSON,DTP,DTP022,LN-CBE001E-TGG,ENM13/LN-CBE001E-TGG/41,4G-CBE001M41-TGG,CELL,10/03/2026 19:00,19,343.86707,7966.99111,97.5755,100,99.20818,100,100,100,11.16667,0,0.35946,0.3416,0.01786,,0,100,,100,0.02861
ERICSSON,DTP,DTP022,LN-CBE001E-TGG,ENM13/LN-CBE001E-TGG/41,4G-CBE001M41-TGG,CELL,10/03/2026 15:00,15,702.32529,7771.60987,96.7718,100,98.17013,100,100,93.33333,12.83333,0.20481,0.42116,0.40293,0.01823,100,0,100,100,100,0.01278
ERICSSON,DTP,DTP022,LN-CBE001E-TGG,ENM13/LN-CBE001E-TGG/41,4G-CBE001M41-TGG,CELL,10/03/2026 01:00,1,764.35536,12294.71033,96.4091,,100,,100,100,5,0,0.01657,0.01564,0.00093,,,,,,0
ERICSSON,DTP,DTP022,LN-CBE001E-TGG,ENM13/LN-CBE001E-TGG/41,4G-CBE001M41-TGG,CELL,10/03/2026 21:00,21,3310.09626,8401.72794,96.9865,,99.83347,100,100,100,6.33333,0.08403,0.12719,0.11015,0.01704,,,100,100,100,0.01194
ERICSSON,DTP,DTP022,LN-CBE001E-TGG,ENM13/LN-CBE001E-TGG/41,4G-CBE001M41-TGG,CELL,10/03/2026 04:00,4,1655.01457,10161.07307,96.8505,,100,,100,100,6.83333,0,0.16073,0.15383,0.0069,,,,,,0
ERICSSON,DTP,DTP022,LN-CBE001E-TGG,ENM13/LN-CBE001E-TGG/41,4G-CBE001M41-TGG,CELL,10/04/2026 04:00,4,134.63943,4262.19512,94.0924,,98.69848,,100,93.75,5,0,0.00055,0.00031,0.00025,,,,,,0
ERICSSON,DTP,DTP022,LN-CBE001E-TGG,ENM13/LN-CBE001E-TGG/41,4G-CBE001M41-TGG,CELL,10/04/2026 22:00,22,978.2474,6399.59791,96.5862,,100,,100,100,5,0.07364,0.0191,0.01323,0.00587,,,100,,100,0.00528
ERICSSON,DTP,DTP022,LN-CBE001E-TGG,ENM13/LN-CBE001E-TGG/41,4G-CBE001M41-TGG,CELL,10/04/2026 20:00,20,928.42321,8021.67485,93.5794,,99.5098,,100,100,13.33333,0,0.57385,0.53406,0.03979,,0,100,,100,0.05444
ERICSSON,DTP,DTP022,LN-CBE001E-TGG,ENM13/LN-CBE001E-TGG/41,4G-CBE001M41-TGG,CELL,10/04/2026 12:00,12,600.76146,8790.75316,95.4499,100,99.88598,100,99,100,5.16667,0,0.03247,0.0264,0.00607,,0,,,100,0.01361
ERICSSON,DTP,DTP022,LN-CBE001E-TGG,ENM13/LN-CBE001E-TGG/41,4G-CBE001M41-TGG,CELL,10/04/2026 06:00,6,1036.48724,9890.11289,96.7441,100,99.15215,100,100,100,5.66667,0,0.065,0.06203,0.00298,,0,,,100,0.01111
ERICSSON,DTP,DTP022,LN-CBE001E-TGG,ENM13/LN-CBE001E-TGG/41,4G-CBE001M41-TGG,CELL,10/04/2026 15:00,15,938.2725,9500.68545,97.2489,100,99.87849,100,99.04762,100,5.66667,0,0.08245,0.07747,0.00498,,,100,,,0.00056
ERICSSON,DTP,DTP022,LN-CBE001E-TGG,ENM13/LN-CBE001E-TGG/41,4G-CBE001M41-TGG,CELL,10/04/2026 16:00,16,785.04717,6324.54385,95.9073,100,99.76879,,100,100,6.66667,0.3876,0.09064,0.08527,0.00537,,0,,,100,0.02972
ERICSSON,DTP,DTP022,LN-CBE001E-TGG,ENM13/LN-CBE001E-TGG/41,4G-CBE001M41-TGG,CELL,10/04/2026 07:00,7,178.28152,10556.95401,96.5255,,98.72462,100,100,100,5,0.14706,0.03724,0.03397,0.00327,,0,100,,100,0.00333
ERICSSON,DTP,DTP022,LN-CBE001E-TGG,ENM13/LN-CBE001E-TGG/41,4G-CBE001M41-TGG,CELL,10/04/2026 19:00,19,883.64959,6749.50919,96.4045,100,99.84399,100,97.91667,96.42857,15.66667,0,0.58775,0.52933,0.05842,,0,,,100,0.01972
ERICSSON,DTP,DTP022,LN-CBE001E-TGG,ENM13/LN-CBE001E-TGG/41,4G-CBE001M41-TGG,CELL,10/04/2026 21:00,21,1116.92895,7500.837,96.1052,,99.652,100,97.87234,100,9.66667,0,0.26037,0.2455,0.01487,,,,,,0
ERICSSON,DTP,DTP022,LN-CBE001E-TGG,ENM13/LN-CBE001E-TGG/41,4G-CBE001M41-TGG,CELL,10/04/2026 10:00,10,1605.45014,10437.97411,96.0588,,100,100,100,100,7.33333,0,0.19207,0.17828,0.01379,,0,100,100,100,0.0025
ERICSSON,DTP,DTP022,LN-CBE001E-TGG,ENM13/LN-CBE001E-TGG/41,4G-CBE001M41-TGG,CELL,10/04/2026 02:00,2,758.06452,8213.51536,96.4106,100,99.84532,,100,100,5.33333,0.07855,0.02348,0.02203,0.00145,,,,,,0
ERICSSON,DTP,DTP022,LN-CBE001E-TGG,ENM13/LN-CBE001E-TGG/41,4G-CBE001M41-TGG,CELL,10/04/2026 05:00,5,216.43977,7853.3102,95.1568,,99.50556,,100,100,5,0.1692,0.00968,0.00801,0.00168,,,,100,,0.00028
ERICSSON,DTP,DTP022,LN-CBE001E-TGG,ENM13/LN-CBE001E-TGG/41,4G-CBE001M41-TGG,CELL,10/04/2026 13:00,13,1304.81677,8034.00337,95.4282,100,100,93.75,100,100,8.16667,0.13298,0.18815,0.17675,0.0114,100,0,,100,100,0.09528
ERICSSON,DTP,DTP022,LN-CBE001E-TGG,ENM13/LN-CBE001E-TGG/41,4G-CBE001M41-TGG,CELL,10/04/2026 11:00,11,970.32179,10002.74174,96.1155,100,99.87469,100,100,100,5.83333,0.12407,0.10975,0.0976,0.01215,,0,,,,0.00667
ERICSSON,DTP,DTP022,LN-CBE001E-TGG,ENM13/LN-CBE001E-TGG/41,4G-CBE001M41-TGG,CELL,10/04/2026 08:00,8,918.6163,9066.8132,97.4288,100,99.50241,100,100,100,7.16667,0,0.22776,0.21663,0.01113,,0,100,100,100,0.02167
ERICSSON,DTP,DTP022,LN-CBE001E-TGG,ENM13/LN-CBE001E-TGG/41,4G-CBE001M41-TGG,CELL,10/04/2026 14:00,14,998.13912,7954.64387,96.0811,100,99.90138,100,99.28571,100,7,0.11274,0.12701,0.11683,0.01018,,0,100,100,100,0.00944
ERICSSON,DTP,DTP022,LN-CBE001E-TGG,ENM13/LN-CBE001E-TGG/41,4G-CBE001M41-TGG,CELL,10/04/2026 03:00,3,1385.28727,9948.92424,97.2355,,99.30279,,100,100,5.5,0.20182,0.06907,0.0661,0.00298,,,,,,0
ERICSSON,DTP,DTP022,LN-CBE001E-TGG,ENM13/LN-CBE001E-TGG/41,4G-CBE001M41-TGG,CELL,10/04/2026 00:00,0,360.86389,7116.79808,96.0424,,99.81395,100,100,100,5,0.09533,0.01724,0.01405,0.00319,,,,,,0
ERICSSON,DTP,DTP022,LN-CBE001E-TGG,ENM13/LN-CBE001E-TGG/41,4G-CBE001M41-TGG,CELL,10/04/2026 17:00,17,1150.33891,10809.44713,96.0188,100,99.73924,,97.82609,97.87234,5.5,0.36765,0.06454,0.0526,0.01194,,0,100,100,100,0.04889
ERICSSON,DTP,DTP022,LN-CBE001E-TGG,ENM13/LN-CBE001E-TGG/41,4G-CBE001M41-TGG,CELL,10/04/2026 09:00,9,817.97738,6435.93217,95.3105,100,99.24349,100,88.42105,100,7.83333,0.34884,0.14464,0.13318,0.01146,,0,100,100,100,0.04222
ERICSSON,DTP,DTP022,LN-CBE001E-TGG,ENM13/LN-CBE001E-TGG/41,4G-CBE001M41-TGG,CELL,10/04/2026 01:00,1,361.95696,5478.63248,95.3434,,98.93168,,100,100,5,0.07294,0.00302,0.00171,0.00131,,,,,,0
ERICSSON,DTP,DTP022,LN-CBE001E-TGG,ENM13/LN-CBE001E-TGG/41,4G-CBE001M41-TGG,CELL,10/04/2026 23:00,23,2081.7603,7783.04143,97.3302,,99.9189,100,100,100,5.5,0,0.0419,0.034,0.0079,,,,,,0
ERICSSON,DTP,DTP022,LN-CBE001E-TGG,ENM13/LN-CBE001E-TGG/41,4G-CBE001M41-TGG,CELL,10/04/2026 18:00,18,1759.33913,9389.51518,97.4929,,99.83363,100,100,100,15.5,0,0.85011,0.78052,0.06958,,0,100,,100,0.02889
ERICSSON,DTP,DTP022,LN-CBE001E-TGG,ENM13/LN-CBE001E-TGG/42,4G-CBE001M42-TGG,CELL,10/01/2026 20:00,20,737.42939,9529.01615,92.2011,100,100,100,90.14085,,6.33333,0.13889,0.09511,0.0915,0.00361,,0,,,100,0.00333
ERICSSON,DTP,DTP022,LN-CBE001E-TGG,ENM13/LN-CBE001E-TGG/42,4G-CBE001M42-TGG,CELL,10/01/2026 22:00,22,288.42347,5879.50664,92.5055,,99.43343,100,100,100,5,0.14085,0.00344,0.00266,0.00078,,,,,,0
ERICSSON,DTP,DTP022,LN-CBE001E-TGG,ENM13/LN-CBE001E-TGG/42,4G-CBE001M42-TGG,CELL,10/01/2026 17:00,17,356.40011,6410.31783,92.8378,,99.8708,100,97.89474,100,5,0.1233,0.01109,0.00944,0.00165,100,0,,100,100,0.01472
ERICSSON,DTP,DTP022,LN-CBE001E-TGG,ENM13/LN-CBE001E-TGG/42,4G-CBE001M42-TGG,CELL,10/01/2026 23:00,23,115.96687,7645.39007,92.577,,100,,100,100,5,0,0.00089,0.0004,0.00049,,0,,,100,0.00611
ERICSSON,DTP,DTP022,LN-CBE001E-TGG,ENM13/LN-CBE001E-TGG/42,4G-CBE001M42-TGG,CELL,10/01/2026 12:00,12,950.78383,7176.42325,95.7948,,99.91357,,99.25373,75,9.83333,0,0.27997,0.25814,0.02182,,0,100,,100,0.07889
ERICSSON,DTP,DTP022,LN-CBE001E-TGG,ENM13/LN-CBE001E-TGG/42,4G-CBE001M42-TGG,CELL,10/01/2026 15:00,15,724.78212,14336.29449,95.4709,100,100,100,94.01198,100,6.16667,0,0.18775,0.17629,0.01146,,0,100,,100,0.19556
ERICSSON,DTP,DTP022,LN-CBE001E-TGG,ENM13/LN-CBE001E-TGG/42,4G-CBE001M42-TGG,CELL,10/01/2026 16:00,16,670.06423,9208.40298,94.3391,100,99.44442,100,95.39474,66.66667,5,0,0.03671,0.02947,0.00724,100,0,100,100,100,0.09139
ERICSSON,DTP,DTP022,LN-CBE001E-TGG,ENM13/LN-CBE001E-TGG/42,4G-CBE001M42-TGG,CELL,10/01/2026 11:00,11,910.10122,9089.99657,94.6645,100,99.62383,,100,90.90909,5.66667,0,0.08771,0.08093,0.00679,,0,100,,100,0.09583
ERICSSON,DTP,DTP022,LN-CBE001E-TGG,ENM13/LN-CBE001E-TGG/42,4G-CBE001M42-TGG,CELL,10/01/2026 10:00,10,1036.92444,6264.82983,94.4067,100,99.64879,,98.59155,66.66667,8.33333,0.17256,0.13214,0.1205,0.01163,,0,100,,100,0.0675
ERICSSON,DTP,DTP022,LN-CBE001E-TGG,ENM13/LN-CBE001E-TGG/42,4G-CBE001M42-TGG,CELL,10/01/2026 02:00,2,1104.47761,17850.17836,92.9725,100,99.86053,,97.14286,100,5,0.14104,0.00268,0.00224,0.00043,,,,,,0
ERICSSON,DTP,DTP022,LN-CBE001E-TGG,ENM13/LN-CBE001E-TGG/42,4G-CBE001M42-TGG,CELL,10/01/2026 01:00,1,363.0658,10992.58065,91.4452,,99.89474,,100,,5,0,0.00574,0.00492,0.00082,,,,,,0
ERICSSON,DTP,DTP022,LN-CBE001E-TGG,ENM13/LN-CBE001E-TGG/42,4G-CBE001M42-TGG,CELL,10/01/2026 00:00,0,670.47452,4808.23681,91.1358,,100,100,100,,5,0,0.00246,0.00173,0.00073,,,,,,0
ERICSSON,DTP,DTP022,LN-CBE001E-TGG,ENM13/LN-CBE001E-TGG/42,4G-CBE001M42-TGG,CELL,10/01/2026 21:00,21,1339.80403,10208.41273,93.2156,100,99.87981,100,100,100,5.66667,0,0.06116,0.05891,0.00225,,,100,,100,0
ERICSSON,DTP,DTP022,LN-CBE001E-TGG,ENM13/LN-CBE001E-TGG/42,4G-CBE001M42-TGG,CELL,10/01/2026 19:00,19,1472.39947,11792.01025,95.2309,100,100,100,93.57798,100,5.5,0,0.08643,0.07052,0.01591,,0,,,100,0.03083
ERICSSON,DTP,DTP022,LN-CBE001E-TGG,ENM13/LN-CBE001E-TGG/42,4G-CBE001M42-TGG,CELL,10/01/2026 18:00,18,843.64592,8487.40599,93.7607,100,99.87654,,100,80,5,0.11364,0.01112,0.00959,0.00153,,0,,,100,0.02472
ERICSSON,DTP,DTP022,LN-CBE001E-TGG,ENM13/LN-CBE001E-TGG/42,4G-CBE001M42-TGG,CELL,10/01/2026 14:00,14,1001.05807,12165.51041,96.3003,100,100,,99.29078,100,6,0,0.11785,0.10045,0.01741,,0,100,,100,0.20028
ERICSSON,DTP,DTP022,LN-CBE001E-TGG,ENM13/LN-CBE001E-TGG/42,4G-CBE001M42-TGG,CELL,10/01/2026 13:00,13,1839.30618,11359.91183,95.006,100,99.83854,100,92.63804,100,8.83333,0,0.37001,0.33748,0.03253,100,0,100,100,100,0.10806
ERICSSON,DTP,DTP022,LN-CBE001E-TGG,ENM13/LN-CBE001E-TGG/42,4G-CBE001M42-TGG,CELL,10/01/2026 08:00,8,1026.32777,8486.85741,94.4381,100,99.89201,,98.2906,100,6.66667,0,0.17439,0.16006,0.01433,,0,100,,100,0.17194
ERICSSON,DTP,DTP022,LN-CBE001E-TGG,ENM13/LN-CBE001E-TGG/42,4G-CBE001M42-TGG,CELL,10/01/2026 09:00,9,1207.27866,7512.58745,94.5201,100,99.90244,100,100,100,5.66667,0,0.0696,0.05512,0.01448,,0,100,,100,0.05889
ERICSSON,DTP,DTP022,LN-CBE001E-TGG,ENM13/LN-CBE001E-TGG/42,4G-CBE001M42-TGG,CELL,10/01/2026 07:00,7,1851.28603,19409.14778,93.9379,100,99.76133,,100,100,6.5,0,0.20155,0.19235,0.0092,,0,100,,100,0.0725
ERICSSON,DTP,DTP022,LN-CBE001E-TGG,ENM13/LN-CBE001E-TGG/42,4G-CBE001M42-TGG,CELL,10/01/2026 06:00,6,1318.48163,10763.26309,94.1518,100,99.86169,,99.01961,100,5.83333,0.14451,0.06721,0.06178,0.00543,,0,100,,100,0.0825
ERICSSON,DTP,DTP022,LN-CBE001E-TGG,ENM13/LN-CBE001E-TGG/42,4G-CBE001M42-TGG,CELL,10/01/2026 04:00,4,1805.73879,14670.2168,93.2352,,99.87406,,100,100,5.66667,0,0.09345,0.09123,0.00221,,0,,,100,0.01472
ERICSSON,DTP,DTP022,LN-CBE001E-TGG,ENM13/LN-CBE001E-TGG/42,4G-CBE001M42-TGG,CELL,10/01/2026 05:00,5,823.07025,9417.02593,92.787,,99.42581,100,98.83721,100,5.33333,0,0.03777,0.03521,0.00257,,0,,,,0.02583
ERICSSON,DTP,DTP022,LN-CBE001E-TGG,ENM13/LN-CBE001E-TGG/42,4G-CBE001M42-TGG,CELL,10/01/2026 03:00,3,416.30325,9969.75806,92.4707,,99.87835,,100,100,5,0,0.00186,0.00142,0.00044,,,,,,0
ERICSSON,DTP,DTP022,LN-CBE001E-TGG,ENM13/LN-CBE001E-TGG/42,4G-CBE001M42-TGG,CELL,10/02/2026 02:00,2,1330.29197,12380.49794,93.1426,,100,100,100,100,5.33333,0.1626,0.03278,0.03168,0.0011,,,,,,0
ERICSSON,DTP,DTP022,LN-CBE001E-TGG,ENM13/LN-CBE001E-TGG/42,4G-CBE001M42-TGG,CELL,10/02/2026 14:00,14,1015.58957,6046.64594,95.5057,100,100,100,99.33775,100,5.16667,0,0.02561,0.01803,0.00758,,0,100,,100,0.10972
ERICSSON,DTP,DTP022,LN-CBE001E-TGG,ENM13/LN-CBE001E-TGG/42,4G-CBE001M42-TGG,CELL,10/02/2026 11:00,11,1381.45026,8764.16611,92.8575,100,99.7006,100,97.61905,100,11.33333,0,0.45318,0.43304,0.02014,,0,100,,100,0.02806
ERICSSON,DTP,DTP022,LN-CBE001E-TGG,ENM13/LN-CBE001E-TGG/42,4G-CBE001M42-TGG,CELL,10/02/2026 20:00,20,942.46527,14464.6606,92.0288,,99.5221,100,98.52941,100,5.83333,0,0.09009,0.08632,0.00378,,0,,,100,0.01083
ERICSSON,DTP,DTP022,LN-CBE001E-TGG,ENM13/LN-CBE001E-TGG/42,4G-CBE001M42-TGG,CELL,10/02/2026 12:00,12,3384.29476,11890.60034,93.2006,100,99.89796,,99.4012,71.42857,7.16667,0,0.26542,0.1976,0.06781,,0,,,100,0.07361
ERICSSON,DTP,DTP022,LN-CBE001E-TGG,ENM13/LN-CBE001E-TGG/42,4G-CBE001M42-TGG,CELL,10/02/2026 08:00,8,812.00342,15234.11685,95.3251,,99.7152,,98.4,,5.5,0,0.07379,0.06808,0.00571,,0,,,100,0.09083
ERICSSON,DTP,DTP022,LN-CBE001E-TGG,ENM13/LN-CBE001E-TGG/42,4G-CBE001M42-TGG,CELL,10/02/2026 06:00,6,1122.51274,12966.40922,96.1354,100,100,,100,100,5.16667,0.11312,0.01831,0.01528,0.00303,,0,,,100,0.02694
ERICSSON,DTP,DTP022,LN-CBE001E-TGG,ENM13/LN-CBE001E-TGG/42,4G-CBE001M42-TGG,CELL,10/02/2026 03:00,3,367.50484,11433.5689,93.1416,,100,,100,,5,0,0.0123,0.01191,0.00039,,,,,,0
ERICSSON,DTP,DTP022,LN-CBE001E-TGG,ENM13/LN-CBE001E-TGG/42,4G-CBE001M42-TGG,CELL,10/02/2026 10:00,10,1151.23735,11128.08207,94.5693,,99.81378,100,99.13043,100,5.33333,0,0.04864,0.04204,0.0066,,0,100,,100,0.02167
ERICSSON,DTP,DTP022,LN-CBE001E-TGG,ENM13/LN-CBE001E-TGG/42,4G-CBE001M42-TGG,CELL,10/02/2026 21:00,21,989.32988,12817.95062,93.5344,,100,100,100,,5.5,0,0.09738,0.09325,0.00412,,0,,,100,0.00889
ERICSSON,DTP,DTP022,LN-CBE001E-TGG,ENM13/LN-CBE001E-TGG/42,4G-CBE001M42-TGG,CELL,10/02/2026 05:00,5,2550.80356,11654.35216,96.5032,,99.89247,,100,100,8.66667,0,0.30871,0.29019,0.01852,,0,,,100,0.01083
ERICSSON,DTP,DTP022,LN-CBE001E-TGG,ENM13/LN-CBE001E-TGG/42,4G-CBE001M42-TGG,CELL,10/02/2026 19:00,19,1244.60732,11099.44513,90.8936,,99.44495,100,98.88889,100,6.5,0,0.13116,0.12425,0.00691,100,0,,100,100,0.01472
ERICSSON,DTP,DTP022,LN-CBE001E-TGG,ENM13/LN-CBE001E-TGG/42,4G-CBE001M42-TGG,CELL,10/02/2026 13:00,13,760.84518,12659.66765,94.1302,,99.67914,100,99.29078,100,6.16667,0,0.13776,0.13154,0.00622,,0,100,100,100,0.02806
ERICSSON,DTP,DTP022,LN-CBE001E-TGG,ENM13/LN-CBE001E-TGG/42,4G-CBE001M42-TGG,CELL,10/02/2026 01:00,1,188.45246,16280.20134,92.307,,100,,96.15385,,5,0,0.00406,0.00362,0.00044,,,,,,0
ERICSSON,DTP,DTP022,LN-CBE001E-TGG,ENM13/LN-CBE001E-TGG/42,4G-CBE001M42-TGG,CELL,10/02/2026 16:00,16,1874.48494,9964.19203,95.2743,,99.09091,,100,100,6,0,0.09895,0.08799,0.01096,,0,,100,100,0.01
ERICSSON,DTP,DTP022,LN-CBE001E-TGG,ENM13/LN-CBE001E-TGG/42,4G-CBE001M42-TGG,CELL,10/02/2026 17:00,17,530.36876,5154.64552,92.1249,100,100,100,100,100,5.16667,0,0.01233,0.01017,0.00216,,0,,100,100,0.10361
ERICSSON,DTP,DTP022,LN-CBE001E-TGG,ENM13/LN-CBE001E-TGG/42,4G-CBE001M42-TGG,CELL,10/02/2026 23:00,23,3111.84117,14192.78207,93.1894,,99.72299,,100,100,8.16667,0,0.33766,0.32404,0.01362,,,100,,100,0
ERICSSON,DTP,DTP022,LN-CBE001E-TGG,ENM13/LN-CBE001E-TGG/42,4G-CBE001M42-TGG,CELL,10/02/2026 09:00,9,652.86989,11030.05122,96.4865,,99.64288,100,98.7013,100,5.33333,0,0.04427,0.03896,0.0053,,0,100,,100,0.02917
ERICSSON,DTP,DTP022,LN-CBE001E-TGG,ENM13/LN-CBE001E-TGG/42,4G-CBE001M42-TGG,CELL,10/02/2026 00:00,0,594.38897,6226.58006,91.0751,,100,,100,100,5,0,0.00398,0.00331,0.00067,,,,,,0
ERICSSON,DTP,DTP022,LN-CBE001E-TGG,ENM13/LN-CBE001E-TGG/42,4G-CBE001M42-TGG,CELL,10/02/2026 04:00,4,1433.77483,11145.8892,94.7633,,100,,100,100,6.5,0,0.1457,0.14199,0.00371,,,,,,0
ERICSSON,DTP,DTP022,LN-CBE001E-TGG,ENM13/LN-CBE001E-TGG/42,4G-CBE001M42-TGG,CELL,10/02/2026 15:00,15,823.88107,8565.43671,94.7053,100,99.43285,,100,100,5.16667,0.19029,0.03777,0.02638,0.0114,,0,,,100,0.06667
ERICSSON,DTP,DTP022,LN-CBE001E-TGG,ENM13/LN-CBE001E-TGG/42,4G-CBE001M42-TGG,CELL,10/02/2026 18:00,18,1409.97574,9586.01621,92.8867,,99.88864,100,98.95833,100,5.16667,0.12165,0.03744,0.03263,0.00481,100,0,,100,100,0.02222
ERICSSON,DTP,DTP022,LN-CBE001E-TGG,ENM13/LN-CBE001E-TGG/42,4G-CBE001M42-TGG,CELL,10/02/2026 22:00,22,892.29044,12302.44771,93.1032,,100,100,100,100,5.16667,0,0.05941,0.05329,0.00611,,,,,,0
ERICSSON,DTP,DTP022,LN-CBE001E-TGG,ENM13/LN-CBE001E-TGG/42,4G-CBE001M42-TGG,CELL,10/02/2026 07:00,7,602.51422,10803.59147,95.8495,100,99.66639,,100,80,5,0.10953,0.01102,0.00816,0.00286,,0,100,,100,0.09111
ERICSSON,DTP,DTP022,LN-CBE001E-TGG,ENM13/LN-CBE001E-TGG/42,4G-CBE001M42-TGG,CELL,10/03/2026 21:00,21,1366.90647,12588.67242,92.6435,,100,100,100,100,5,0,0.01065,0.00877,0.00188,,,,,,0
ERICSSON,DTP,DTP022,LN-CBE001E-TGG,ENM13/LN-CBE001E-TGG/42,4G-CBE001M42-TGG,CELL,10/03/2026 05:00,5,531.68931,9148.32023,94.39,,100,,100,100,5,0,0.01006,0.00778,0.00227,,,,,,0
ERICSSON,DTP,DTP022,LN-CBE001E-TGG,ENM13/LN-CBE001E-TGG/42,4G-CBE001M42-TGG,CELL,10/03/2026 16:00,16,358.35376,11041.75929,95.4497,100,99.83193,100,100,100,5,0.29441,0.03085,0.02797,0.00288,,0,100,,100,0.02083
ERICSSON,DTP,DTP022,LN-CBE001E-TGG,ENM13/LN-CBE001E-TGG/42,4G-CBE001M42-TGG,CELL,10/03/2026 17:00,17,274.83068,4396.62693,94.3013,100,100,100,100,100,5.33333,0,0.01791,0.01472,0.00319,,0,,,100,0.04944
ERICSSON,DTP,DTP022,LN-CBE001E-TGG,ENM13/LN-CBE001E-TGG/42,4G-CBE001M42-TGG,CELL,10/03/2026 09:00,9,1856.82614,8931.8044,95.4106,100,100,100,98.88268,100,10,0,0.36438,0.33775,0.02663,,0,100,,100,0.10056
ERICSSON,DTP,DTP022,LN-CBE001E-TGG,ENM13/LN-CBE001E-TGG/42,4G-CBE001M42-TGG,CELL,10/03/2026 06:00,6,898.38613,11188.58308,94.329,100,100,,100,100,5,0,0.00926,0.00765,0.00161,,0,100,,100,0.03861
ERICSSON,DTP,DTP022,LN-CBE001E-TGG,ENM13/LN-CBE001E-TGG/42,4G-CBE001M42-TGG,CELL,10/03/2026 01:00,1,1294.25028,13244.60432,90.656,,100,,100,,5,0.13141,0.00247,0.00194,0.00053,,,,,,0
ERICSSON,DTP,DTP022,LN-CBE001E-TGG,ENM13/LN-CBE001E-TGG/42,4G-CBE001M42-TGG,CELL,10/03/2026 12:00,12,1964.00264,14031.07699,95.7839,100,99.78372,100,99.32432,90.90909,7,0,0.21171,0.19768,0.01404,,0,100,,100,0.03222
ERICSSON,DTP,DTP022,LN-CBE001E-TGG,ENM13/LN-CBE001E-TGG/42,4G-CBE001M42-TGG,CELL,10/03/2026 13:00,13,1305.25783,15890.25071,96.2116,,99.33511,,98.05195,100,6,0,0.17651,0.15814,0.01838,,0,100,,100,0.03583
ERICSSON,DTP,DTP022,LN-CBE001E-TGG,ENM13/LN-CBE001E-TGG/42,4G-CBE001M42-TGG,CELL,10/03/2026 03:00,3,889.86014,13654.64896,92.224,,100,100,100,,5,0,0.00243,0.00198,0.00045,,,,,,0
ERICSSON,DTP,DTP022,LN-CBE001E-TGG,ENM13/LN-CBE001E-TGG/42,4G-CBE001M42-TGG,CELL,10/03/2026 10:00,10,1267.08784,6598.38378,96.2233,,100,100,99.31034,100,6,0.18674,0.05995,0.04839,0.01156,100,0,100,100,100,0.08361
ERICSSON,DTP,DTP022,LN-CBE001E-TGG,ENM13/LN-CBE001E-TGG/42,4G-CBE001M42-TGG,CELL,10/03/2026 15:00,15,424.74101,10579.02206,95.5409,100,99.92254,100,97.16312,100,5.33333,0,0.03439,0.03153,0.00285,100,0,100,100,100,0.07694
ERICSSON,DTP,DTP022,LN-CBE001E-TGG,ENM13/LN-CBE001E-TGG/42,4G-CBE001M42-TGG,CELL,10/03/2026 22:00,22,433.27057,5745.4093,91.0385,100,100,100,98,100,5.16667,0,0.01193,0.01091,0.00102,,,,,,0
ERICSSON,DTP,DTP022,LN-CBE001E-TGG,ENM13/LN-CBE001E-TGG/42,4G-CBE001M42-TGG,CELL,10/03/2026 04:00,4,435.47726,6501.90114,93.3575,,100,,100,,5,0,0.00109,0.00055,0.00054,,0,,,100,0.01
ERICSSON,DTP,DTP022,LN-CBE001E-TGG,ENM13/LN-CBE001E-TGG/42,4G-CBE001M42-TGG,CELL,10/03/2026 18:00,18,1534.11874,13102.68949,93.4193,100,99.8767,,99.10714,100,5.33333,0,0.04937,0.04496,0.00441,,,100,,,0.00028
ERICSSON,DTP,DTP022,LN-CBE001E-TGG,ENM13/LN-CBE001E-TGG/42,4G-CBE001M42-TGG,CELL,10/03/2026 23:00,23,3117.47011,13715.16251,93.4094,,100,,100,66.66667,6.16667,0,0.21252,0.20143,0.01109,,,,,,0
ERICSSON,DTP,DTP022,LN-CBE001E-TGG,ENM13/LN-CBE001E-TGG/42,4G-CBE001M42-TGG,CELL,10/03/2026 14:00,14,1607.8917,14766.85998,96.4139,100,99.86072,100,98.4127,100,8.83333,0,0.44058,0.42547,0.01512,100,0,100,100,100,0.11417
ERICSSON,DTP,DTP022,LN-CBE001E-TGG,ENM13/LN-CBE001E-TGG/42,4G-CBE001M42-TGG,CELL,10/03/2026 08:00,8,1123.34539,9490.10871,95.3903,100,99.85286,100,97.95918,100,5.33333,0.07758,0.06132,0.05128,0.01004,100,0,100,100,100,0.17194
ERICSSON,DTP,DTP022,LN-CBE001E-TGG,ENM13/LN-CBE001E-TGG/42,4G-CBE001M42-TGG,CELL,10/03/2026 20:00,20,1538.98076,11834.80987,92.1545,100,99.6769,100,100,100,5,0,0.01379,0.01163,0.00216,,0,,,,0.00333
ERICSSON,DTP,DTP022,LN-CBE001E-TGG,ENM13/LN-CBE001E-TGG/42,4G-CBE001M42-TGG,CELL,10/03/2026 11:00,11,1036.49806,12843.12489,96.4939,100,99.36677,100,100,100,9,0.19474,0.39143,0.37319,0.01824,,0,100,,100,0.11306
ERICSSON,DTP,DTP022,LN-CBE001E-TGG,ENM13/LN-CBE001E-TGG/42,4G-CBE001M42-TGG,CELL,10/03/2026 19:00,19,1689.42946,14767.87287,94.9708,,100,,99.0099,100,5.83333,0.11086,0.21535,0.20443,0.01092,,0,,,100,0.01528
ERICSSON,DTP,DTP022,LN-CBE001E-TGG,ENM13/LN-CBE001E-TGG/42,4G-CBE001M42-TGG,CELL,10/03/2026 00:00,0,2098.48485,11109.69152,91.1607,,100,,100,,6,0,0.09822,0.09506,0.00316,,,,,,0
ERICSSON,DTP,DTP022,LN-CBE001E-TGG,ENM13/LN-CBE001E-TGG/42,4G-CBE001M42-TGG,CELL,10/03/2026 07:00,7,677.98785,7697.93249,95.5367,100,99.74294,,98.96907,100,7.5,0.092,0.14685,0.13633,0.01052,,0,100,,100,0.02389
ERICSSON,DTP,DTP022,LN-CBE001E-TGG,ENM13/LN-CBE001E-TGG/42,4G-CBE001M42-TGG,CELL,10/03/2026 02:00,2,1347.70056,8813.69067,91.1805,,99.85423,100,100,,5,0,0.00483,0.00367,0.00117,,,,,,0
ERICSSON,DTP,DTP022,LN-CBE001E-TGG,ENM13/LN-CBE001E-TGG/42,4G-CBE001M42-TGG,CELL,10/04/2026 17:00,17,1770.32703,6194.544,95.8379,,99.84546,,99.23077,83.33333,5.83333,0.07886,0.06609,0.04168,0.02441,,0,,,100,0.04917
ERICSSON,DTP,DTP022,LN-CBE001E-TGG,ENM13/LN-CBE001E-TGG/42,4G-CBE001M42-TGG,CELL,10/04/2026 16:00,16,1355.30401,14075.55918,94.8375,100,99.93271,100,99.32432,75,5.16667,0.13812,0.06503,0.05729,0.00774,,0,,,100,0.10806
ERICSSON,DTP,DTP022,LN-CBE001E-TGG,ENM13/LN-CBE001E-TGG/42,4G-CBE001M42-TGG,CELL,10/04/2026 05:00,5,369.42824,2413.21387,92.7748,,99.88138,,100,0,6.83333,0.11933,0.03268,0.0298,0.00288,,0,,,100,0.02694
ERICSSON,DTP,DTP022,LN-CBE001E-TGG,ENM13/LN-CBE001E-TGG/42,4G-CBE001M42-TGG,CELL,10/04/2026 00:00,0,4151.10387,10902.03644,94.5593,,100,,100,,10.66667,0,0.55884,0.48069,0.07815,,,,,,0
ERICSSON,DTP,DTP022,LN-CBE001E-TGG,ENM13/LN-CBE001E-TGG/42,4G-CBE001M42-TGG,CELL,10/04/2026 07:00,7,1787.57128,9453.31225,93.1461,100,99.90741,,100,100,5.16667,0.10215,0.01885,0.01504,0.00381,,0,,,100,0.00861
ERICSSON,DTP,DTP022,LN-CBE001E-TGG,ENM13/LN-CBE001E-TGG/42,4G-CBE001M42-TGG,CELL,10/04/2026 13:00,13,1417.44938,8577.44382,95.6728,100,100,,96.89922,100,6.66667,0,0.14815,0.12589,0.02226,,0,100,,100,0.05861
ERICSSON,DTP,DTP022,LN-CBE001E-TGG,ENM13/LN-CBE001E-TGG/42,4G-CBE001M42-TGG,CELL,10/04/2026 15:00,15,779.19313,9592.4642,95.2778,100,99.85774,100,95.06173,100,5,0.07179,0.04747,0.04058,0.00689,,0,100,,100,0.08083
ERICSSON,DTP,DTP022,LN-CBE001E-TGG,ENM13/LN-CBE001E-TGG/42,4G-CBE001M42-TGG,CELL,10/04/2026 10:00,10,1638.72177,8542.54639,94.7578,100,100,100,97.2028,100,5.16667,0,0.11895,0.05523,0.06371,,0,100,,100,0.02222
ERICSSON,DTP,DTP022,LN-CBE001E-TGG,ENM13/LN-CBE001E-TGG/42,4G-CBE001M42-TGG,CELL,10/04/2026 14:00,14,1443.0737,9571.0318,94.9852,100,99.85374,100,94.14894,100,6,0,0.10911,0.09846,0.01065,100,0,100,100,100,0.22694
ERICSSON,DTP,DTP022,LN-CBE001E-TGG,ENM13/LN-CBE001E-TGG/42,4G-CBE001M42-TGG,CELL,10/04/2026 11:00,11,893.41085,12317.46566,93.202,100,99.92248,100,93.27731,100,5,0,0.03176,0.02717,0.00458,,0,100,,100,0.04056
ERICSSON,DTP,DTP022,LN-CBE001E-TGG,ENM13/LN-CBE001E-TGG/42,4G-CBE001M42-TGG,CELL,10/04/2026 09:00,9,1854.04112,11849.44774,95.9588,100,100,100,96.19565,75,5.83333,0,0.12708,0.09852,0.02856,100,0,100,100,100,0.13861
ERICSSON,DTP,DTP022,LN-CBE001E-TGG,ENM13/LN-CBE001E-TGG/42,4G-CBE001M42-TGG,CELL,10/04/2026 01:00,1,138.9035,5669.11558,94.3368,,100,100,100,100,13,0.1938,0.28391,0.26343,0.02048,,,,,,0
ERICSSON,DTP,DTP022,LN-CBE001E-TGG,ENM13/LN-CBE001E-TGG/42,4G-CBE001M42-TGG,CELL,10/04/2026 19:00,19,1239.94232,13684.93046,94.8811,100,98.50145,,98.21429,75,5.33333,0,0.08097,0.07303,0.00794,,0,100,,100,0.03194
ERICSSON,DTP,DTP022,LN-CBE001E-TGG,ENM13/LN-CBE001E-TGG/42,4G-CBE001M42-TGG,CELL,10/04/2026 23:00,23,605.45024,7309.01639,92.8287,,100,100,100,100,5,0,0.00453,0.00387,0.00066,,0,,,100,0.00528
ERICSSON,DTP,DTP022,LN-CBE001E-TGG,ENM13/LN-CBE001E-TGG/42,4G-CBE001M42-TGG,CELL,10/04/2026 12:00,12,1221.59677,10853.4532,96.0103,100,99.91903,100,96.02649,100,7,0,0.1991,0.18548,0.01362,100,0,100,100,100,0.11917
ERICSSON,DTP,DTP022,LN-CBE001E-TGG,ENM13/LN-CBE001E-TGG/42,4G-CBE001M42-TGG,CELL,10/04/2026 22:00,22,263.70861,3335.55971,94.1315,,99.75699,100,100,100,5,0,0.00392,0.00252,0.0014,,,,,,0
ERICSSON,DTP,DTP022,LN-CBE001E-TGG,ENM13/LN-CBE001E-TGG/42,4G-CBE001M42-TGG,CELL,10/04/2026 20:00,20,305.30883,7676.22759,93.6214,,99.82388,100,100,100,5,0,0.00831,0.00678,0.00153,,0,100,,100,0.03194
ERICSSON,DTP,DTP022,LN-CBE001E-TGG,ENM13/LN-CBE001E-TGG/42,4G-CBE001M42-TGG,CELL,10/04/2026 06:00,6,1348.93079,12741.21949,93.6844,,99.52096,,100,100,5.66667,0,0.09019,0.08595,0.00424,,,100,,100,0.00028
ERICSSON,DTP,DTP022,LN-CBE001E-TGG,ENM13/LN-CBE001E-TGG/42,4G-CBE001M42-TGG,CELL,10/04/2026 03:00,3,101.73123,5348.1513,96.0694,,99.66777,100,100,,20.83333,0,0.5028,0.46823,0.03457,,,,,,0
ERICSSON,DTP,DTP022,LN-CBE001E-TGG,ENM13/LN-CBE001E-TGG/42,4G-CBE001M42-TGG,CELL,10/04/2026 21:00,21,1162.61906,12383.0353,94.7547,,100,,100,100,5.16667,0,0.04109,0.034,0.00709,,,,,,0
ERICSSON,DTP,DTP022,LN-CBE001E-TGG,ENM13/LN-CBE001E-TGG/42,4G-CBE001M42-TGG,CELL,10/04/2026 18:00,18,2042.87947,7243.50569,94.2325,100,99.85494,100,100,100,5.33333,0.14358,0.03719,0.03117,0.00602,,0,100,,100,0.03056
ERICSSON,DTP,DTP022,LN-CBE001E-TGG,ENM13/LN-CBE001E-TGG/42,4G-CBE001M42-TGG,CELL,10/04/2026 08:00,8,1551.93137,12557.57829,94.9548,100,100,,97.5,100,5.5,0,0.07346,0.06466,0.0088,,0,100,,100,0.07972
ERICSSON,DTP,DTP022,LN-CBE001E-TGG,ENM13/LN-CBE001E-TGG/42,4G-CBE001M42-TGG,CELL,10/04/2026 04:00,4,102.52208,5048.5562,95.8759,,100,,96.42857,100,19.16667,0,0.38399,0.35883,0.02516,,,,,,0
ERICSSON,DTP,DTP022,LN-CBE001E-TGG,ENM13/LN-CBE001E-TGG/42,4G-CBE001M42-TGG,CELL,10/04/2026 02:00,2,129.44617,5102.42468,95.5161,,100,100,100,100,22.66667,0,0.51361,0.47446,0.03915,,,,,,0
ERICSSON,DTP,DTP022,LN-CBE001E-TGG,ENM13/LN-CBE001E-TGG/43,4G-CBE001M43-TGG,CELL,10/01/2026 20:00,20,1063.90115,4830.79381,97.0134,100,100,100,100,100,13.83333,0.43197,0.31245,0.28994,0.02252,,,,,,0
ERICSSON,DTP,DTP022,LN-CBE001E-TGG,ENM13/LN-CBE001E-TGG/43,4G-CBE001M43-TGG,CELL,10/01/2026 22:00,22,1370.1217,10599.43452,96.0762,,100,100,98.50746,100,6.33333,0,0.09531,0.09283,0.00247,,,,,,0
ERICSSON,DTP,DTP022,LN-CBE001E-TGG,ENM13/LN-CBE001E-TGG/43,4G-CBE001M43-TGG,CELL,10/01/2026 17:00,17,1769.10884,8157.90535,97.5503,,99.73046,100,96.80851,100,6.16667,0,0.07357,0.06899,0.00458,,0,,100,100,0.00778
ERICSSON,DTP,DTP022,LN-CBE001E-TGG,ENM13/LN-CBE001E-TGG/43,4G-CBE001M43-TGG,CELL,10/01/2026 23:00,23,574.92964,11188.10882,97.1048,,99.79675,100,100,100,6.83333,0,0.14572,0.14151,0.00421,,0,,,,0.00111
ERICSSON,DTP,DTP022,LN-CBE001E-TGG,ENM13/LN-CBE001E-TGG/43,4G-CBE001M43-TGG,CELL,10/01/2026 15:00,15,1374.57345,4147.67074,96.2784,100,99.82394,100,98.62069,100,6,0,0.0463,0.04185,0.00445,,,100,100,100,0.01139
ERICSSON,DTP,DTP022,LN-CBE001E-TGG,ENM13/LN-CBE001E-TGG/43,4G-CBE001M43-TGG,CELL,10/01/2026 12:00,12,1155.04185,7454.27853,95.6635,100,100,100,97.14286,100,6.83333,0,0.11127,0.10352,0.00776,,0,100,,100,0.0025
ERICSSON,DTP,DTP022,LN-CBE001E-TGG,ENM13/LN-CBE001E-TGG/43,4G-CBE001M43-TGG,CELL,10/01/2026 16:00,16,1425.86821,9692.84118,97.167,100,98.43706,100,97.61905,100,5,0,0.02246,0.01809,0.00437,,0,,100,100,0.14833
ERICSSON,DTP,DTP022,LN-CBE001E-TGG,ENM13/LN-CBE001E-TGG/43,4G-CBE001M43-TGG,CELL,10/01/2026 11:00,11,1146.61654,10403.29606,96.902,,99.84,100,98.44961,100,5.16667,0.3367,0.05195,0.04219,0.00977,,,,,,0
ERICSSON,DTP,DTP022,LN-CBE001E-TGG,ENM13/LN-CBE001E-TGG/43,4G-CBE001M43-TGG,CELL,10/01/2026 10:00,10,933.58894,6797.60908,97.0489,100,99.85549,100,99.22481,100,13.33333,0,0.49285,0.4752,0.01764,,0,,,100,0.01306
ERICSSON,DTP,DTP022,LN-CBE001E-TGG,ENM13/LN-CBE001E-TGG/43,4G-CBE001M43-TGG,CELL,10/01/2026 02:00,2,2169.10828,8334.58293,99.3839,,100,100,100,100,5.33333,0,0.06995,0.06685,0.00311,,0,,,,0.00167
ERICSSON,DTP,DTP022,LN-CBE001E-TGG,ENM13/LN-CBE001E-TGG/43,4G-CBE001M43-TGG,CELL,10/01/2026 01:00,1,1762.46023,8196.20337,98.9401,,100,100,100,100,7.83333,0,0.18483,0.17817,0.00666,,,,,,0
ERICSSON,DTP,DTP022,LN-CBE001E-TGG,ENM13/LN-CBE001E-TGG/43,4G-CBE001M43-TGG,CELL,10/01/2026 00:00,0,577.43989,6390.65324,97.9897,,100,100,100,100,5,0,0.00379,0.00323,0.00057,,,,,,0
ERICSSON,DTP,DTP022,LN-CBE001E-TGG,ENM13/LN-CBE001E-TGG/43,4G-CBE001M43-TGG,CELL,10/01/2026 21:00,21,535.32075,5039.16132,98.2664,,99.72678,100,98.93617,100,8.66667,0,0.13144,0.12689,0.00456,,0,,100,,0.03278
ERICSSON,DTP,DTP022,LN-CBE001E-TGG,ENM13/LN-CBE001E-TGG/43,4G-CBE001M43-TGG,CELL,10/01/2026 19:00,19,1947.11228,5492.88642,98.3234,,100,100,99.32432,100,11.33333,0,0.2615,0.2475,0.014,,,100,,100,0.00528
ERICSSON,DTP,DTP022,LN-CBE001E-TGG,ENM13/LN-CBE001E-TGG/43,4G-CBE001M43-TGG,CELL,10/01/2026 18:00,18,751.30214,6961.69936,91.8,100,99.81378,100,99.25373,100,8.16667,0,0.15701,0.1505,0.00651,,0,,100,100,0.00472
ERICSSON,DTP,DTP022,LN-CBE001E-TGG,ENM13/LN-CBE001E-TGG/43,4G-CBE001M43-TGG,CELL,10/01/2026 14:00,14,1226.78973,9458.506,97.213,100,99.71914,100,96.89119,95.45455,6.33333,0,0.10187,0.09569,0.00618,,0,100,100,100,0.005
ERICSSON,DTP,DTP022,LN-CBE001E-TGG,ENM13/LN-CBE001E-TGG/43,4G-CBE001M43-TGG,CELL,10/01/2026 13:00,13,724.97667,8709.22168,95.674,100,100,50,98.8024,100,5,0,0.02566,0.02037,0.00529,,0,,,100,0.00167
ERICSSON,DTP,DTP022,LN-CBE001E-TGG,ENM13/LN-CBE001E-TGG/43,4G-CBE001M43-TGG,CELL,10/01/2026 08:00,8,1027.40615,9385.68924,96.9066,100,99.63319,100,100,100,6.33333,0,0.13045,0.11028,0.02017,100,,100,100,100,0.00028
ERICSSON,DTP,DTP022,LN-CBE001E-TGG,ENM13/LN-CBE001E-TGG/43,4G-CBE001M43-TGG,CELL,10/01/2026 09:00,9,646.1224,7760.28623,96.2534,100,99.72222,100,99.19355,100,5,0.68966,0.02787,0.02066,0.00721,,,,,,0
ERICSSON,DTP,DTP022,LN-CBE001E-TGG,ENM13/LN-CBE001E-TGG/43,4G-CBE001M43-TGG,CELL,10/01/2026 07:00,7,1145.26919,8554.57322,97.8503,100,99.20824,100,99.2126,100,5,0,0.00961,0.00774,0.00187,,,,,,0
ERICSSON,DTP,DTP022,LN-CBE001E-TGG,ENM13/LN-CBE001E-TGG/43,4G-CBE001M43-TGG,CELL,10/01/2026 06:00,6,1682.04452,9504.35127,99.2279,,100,,100,100,5,0,0.01738,0.01367,0.00371,,,,100,,0.00361
ERICSSON,DTP,DTP022,LN-CBE001E-TGG,ENM13/LN-CBE001E-TGG/43,4G-CBE001M43-TGG,CELL,10/01/2026 05:00,5,1334.13098,8402.59197,98.7739,100,100,100,100,100,5.16667,0,0.03962,0.0359,0.00372,,,,,,0
ERICSSON,DTP,DTP022,LN-CBE001E-TGG,ENM13/LN-CBE001E-TGG/43,4G-CBE001M43-TGG,CELL,10/01/2026 04:00,4,1839.13565,11242.15417,99.3818,,100,100,96.9697,100,5.16667,0,0.02054,0.01885,0.00169,,,,,,0
ERICSSON,DTP,DTP022,LN-CBE001E-TGG,ENM13/LN-CBE001E-TGG/43,4G-CBE001M43-TGG,CELL,10/01/2026 03:00,3,994.0901,7300.89149,99.0127,,99.51691,100,100,100,5.66667,0.24752,0.04855,0.04489,0.00366,,,,,,0
ERICSSON,DTP,DTP022,LN-CBE001E-TGG,ENM13/LN-CBE001E-TGG/43,4G-CBE001M43-TGG,CELL,10/02/2026 13:00,13,529.40786,6176.90725,98.2084,100,99.81685,100,98.21429,100,6.16667,0.22222,0.07014,0.06572,0.00443,,,,,,0
ERICSSON,DTP,DTP022,LN-CBE001E-TGG,ENM13/LN-CBE001E-TGG/43,4G-CBE001M43-TGG,CELL,10/02/2026 15:00,15,665.87996,8612.65119,97.7341,100,99.83278,100,97.91667,100,5.66667,0,0.06368,0.06,0.00368,,,100,,100,0.00028
ERICSSON,DTP,DTP022,LN-CBE001E-TGG,ENM13/LN-CBE001E-TGG/43,4G-CBE001M43-TGG,CELL,10/02/2026 08:00,8,1811.70828,10007.85452,97.7901,,99.78541,100,100,100,8.66667,0,0.32627,0.31571,0.01056,,0,,,,0.00083
ERICSSON,DTP,DTP022,LN-CBE001E-TGG,ENM13/LN-CBE001E-TGG/43,4G-CBE001M43-TGG,CELL,10/02/2026 11:00,11,1366.05017,6271.97327,95.2869,100,99.83051,100,99.35065,100,13.33333,0,0.40824,0.3915,0.01674,,0,,,100,0.01833
ERICSSON,DTP,DTP022,LN-CBE001E-TGG,ENM13/LN-CBE001E-TGG/43,4G-CBE001M43-TGG,CELL,10/02/2026 16:00,16,1190.96828,9506.98295,98.6951,,98.51763,100,98.54015,100,5.5,0,0.05767,0.04188,0.01579,,0,,,100,0.00083
ERICSSON,DTP,DTP022,LN-CBE001E-TGG,ENM13/LN-CBE001E-TGG/43,4G-CBE001M43-TGG,CELL,10/02/2026 21:00,21,1048.10192,8840.79456,94.5556,,100,100,100,100,5.83333,0,0.06716,0.06268,0.00449,,,,,,0
ERICSSON,DTP,DTP022,LN-CBE001E-TGG,ENM13/LN-CBE001E-TGG/43,4G-CBE001M43-TGG,CELL,10/02/2026 18:00,18,1092.62594,8152.8424,95.8438,,99.84615,100,97.88732,100,6.16667,0,0.08033,0.07415,0.00618,100,0,100,100,100,0.08194
ERICSSON,DTP,DTP022,LN-CBE001E-TGG,ENM13/LN-CBE001E-TGG/43,4G-CBE001M43-TGG,CELL,10/02/2026 20:00,20,514.28805,5864.13804,95.8576,,99.6337,100,100,100,5.83333,0,0.05576,0.05002,0.00574,,,,,,0
ERICSSON,DTP,DTP022,LN-CBE001E-TGG,ENM13/LN-CBE001E-TGG/43,4G-CBE001M43-TGG,CELL,10/02/2026 03:00,3,2874.4577,8836.28922,98.9381,,99.47781,100,100,90.90909,7.5,0,0.16814,0.1626,0.00554,,,,,,0
ERICSSON,DTP,DTP022,LN-CBE001E-TGG,ENM13/LN-CBE001E-TGG/43,4G-CBE001M43-TGG,CELL,10/02/2026 19:00,19,1374.05977,4962.86982,94.6661,100,99.85694,100,99.33775,95,6.83333,0,0.07783,0.07147,0.00636,,,,100,100,0
ERICSSON,DTP,DTP022,LN-CBE001E-TGG,ENM13/LN-CBE001E-TGG/43,4G-CBE001M43-TGG,CELL,10/02/2026 02:00,2,2114.14634,8786.99995,98.7878,,99.6988,100,100,100,5.66667,0,0.06386,0.06024,0.00361,,,,,,0
ERICSSON,DTP,DTP022,LN-CBE001E-TGG,ENM13/LN-CBE001E-TGG/43,4G-CBE001M43-TGG,CELL,10/02/2026 22:00,22,1914.80402,12504.4843,95.2731,100,100,100,96.8254,100,5.66667,0,0.0868,0.08369,0.00311,,,,,,0
ERICSSON,DTP,DTP022,LN-CBE001E-TGG,ENM13/LN-CBE001E-TGG/43,4G-CBE001M43-TGG,CELL,10/02/2026 04:00,4,1778.31975,7781.20947,99.2246,,100,100,98.36066,100,8.33333,0.2004,0.21256,0.20415,0.00841,,,,,,0
ERICSSON,DTP,DTP022,LN-CBE001E-TGG,ENM13/LN-CBE001E-TGG/43,4G-CBE001M43-TGG,CELL,10/02/2026 23:00,23,969.7121,6973.35766,96.952,,100,,95.34884,100,5,0,0.00809,0.00567,0.00243,,,,,,0
ERICSSON,DTP,DTP022,LN-CBE001E-TGG,ENM13/LN-CBE001E-TGG/43,4G-CBE001M43-TGG,CELL,10/02/2026 17:00,17,1141.75506,8622.05082,97.2604,100,99.75728,100,99.10714,100,5,0.28249,0.02002,0.01746,0.00255,,0,100,,100,0.02111
ERICSSON,DTP,DTP022,LN-CBE001E-TGG,ENM13/LN-CBE001E-TGG/43,4G-CBE001M43-TGG,CELL,10/02/2026 07:00,7,1789.65129,8648.1257,98.4349,100,98.84373,100,98.82353,100,6.16667,0,0.12276,0.11636,0.0064,,,,,,0
ERICSSON,DTP,DTP022,LN-CBE001E-TGG,ENM13/LN-CBE001E-TGG/43,4G-CBE001M43-TGG,CELL,10/02/2026 00:00,0,1853.12862,14829.12782,97.355,,100,100,100,100,6.16667,0,0.11268,0.10989,0.0028,,,,,,0
ERICSSON,DTP,DTP022,LN-CBE001E-TGG,ENM13/LN-CBE001E-TGG/43,4G-CBE001M43-TGG,CELL,10/02/2026 05:00,5,2677.43297,7722.28095,98.3564,,99.48187,100,100,100,7.5,0.23753,0.13726,0.12989,0.00737,,,,,,0
ERICSSON,DTP,DTP022,LN-CBE001E-TGG,ENM13/LN-CBE001E-TGG/43,4G-CBE001M43-TGG,CELL,10/02/2026 10:00,10,1281.34462,4550.17261,96.4836,100,99.8227,100,97.54098,100,5.5,0,0.04328,0.02988,0.0134,,0,100,,100,0.03806
ERICSSON,DTP,DTP022,LN-CBE001E-TGG,ENM13/LN-CBE001E-TGG/43,4G-CBE001M43-TGG,CELL,10/02/2026 12:00,12,1541.20352,10176.10286,97.7061,,99.82993,100,97.51553,100,6.5,0,0.12752,0.10455,0.02296,,0,100,,100,0.00278
ERICSSON,DTP,DTP022,LN-CBE001E-TGG,ENM13/LN-CBE001E-TGG/43,4G-CBE001M43-TGG,CELL,10/02/2026 01:00,1,2560.64356,9148.83365,98.6651,,99.40201,100,97.95918,100,5.5,0,0.05833,0.055,0.00333,,,,,,0
ERICSSON,DTP,DTP022,LN-CBE001E-TGG,ENM13/LN-CBE001E-TGG/43,4G-CBE001M43-TGG,CELL,10/02/2026 09:00,9,1336.68763,11582.33273,97.2857,,99.8374,100,98.56115,100,6,0,0.12108,0.11056,0.01052,100,0,,100,100,0.04167
ERICSSON,DTP,DTP022,LN-CBE001E-TGG,ENM13/LN-CBE001E-TGG/43,4G-CBE001M43-TGG,CELL,10/02/2026 14:00,14,915.33459,7297.70724,96.7175,,99.23313,0,98.82353,100,7.33333,0,0.14294,0.13417,0.00877,,0,,,100,0.00722
ERICSSON,DTP,DTP022,LN-CBE001E-TGG,ENM13/LN-CBE001E-TGG/43,4G-CBE001M43-TGG,CELL,10/02/2026 06:00,6,1032.04572,6932.29307,97.5473,100,99.49405,100,97.64706,100,5,0,0.01918,0.01249,0.00669,,,,,,0
ERICSSON,DTP,DTP022,LN-CBE001E-TGG,ENM13/LN-CBE001E-TGG/43,4G-CBE001M43-TGG,CELL,10/03/2026 02:00,2,448.35501,9901.43989,95.2231,,100,,100,100,5.33333,0,0.02329,0.02171,0.00159,,,,,,0
ERICSSON,DTP,DTP022,LN-CBE001E-TGG,ENM13/LN-CBE001E-TGG/43,4G-CBE001M43-TGG,CELL,10/03/2026 21:00,21,1826.88025,7073.1442,98.6378,,99.59839,0,100,100,6.33333,0.21322,0.07743,0.07193,0.0055,,0,,,,0.00972
ERICSSON,DTP,DTP022,LN-CBE001E-TGG,ENM13/LN-CBE001E-TGG/43,4G-CBE001M43-TGG,CELL,10/03/2026 19:00,19,1968.20274,6204.49355,96.8104,,99.25258,80,100,98.76543,14.66667,0,0.4233,0.40113,0.02217,,,,,,0
ERICSSON,DTP,DTP022,LN-CBE001E-TGG,ENM13/LN-CBE001E-TGG/43,4G-CBE001M43-TGG,CELL,10/03/2026 09:00,9,1488.61947,10023.7513,94.206,,99.57902,100,99.39024,100,5.66667,0.1642,0.05859,0.05445,0.00414,100,0,100,100,100,0.00944
ERICSSON,DTP,DTP022,LN-CBE001E-TGG,ENM13/LN-CBE001E-TGG/43,4G-CBE001M43-TGG,CELL,10/03/2026 17:00,17,682.07969,8225.20753,95.8005,100,100,100,100,100,6.83333,0,0.09553,0.09222,0.00331,,0,,100,100,0.01583
ERICSSON,DTP,DTP022,LN-CBE001E-TGG,ENM13/LN-CBE001E-TGG/43,4G-CBE001M43-TGG,CELL,10/03/2026 04:00,4,707.63669,10625.32713,94.841,,100,,98.24561,100,5.33333,0.25189,0.0418,0.03843,0.00338,,,,,,0
ERICSSON,DTP,DTP022,LN-CBE001E-TGG,ENM13/LN-CBE001E-TGG/43,4G-CBE001M43-TGG,CELL,10/03/2026 05:00,5,1300,11691.20837,96.4379,,99.78495,100,97.61905,100,7.5,0.21413,0.38182,0.36928,0.01254,,,100,,,0.00028
ERICSSON,DTP,DTP022,LN-CBE001E-TGG,ENM13/LN-CBE001E-TGG/43,4G-CBE001M43-TGG,CELL,10/03/2026 13:00,13,629.49226,7048.63662,95.9233,,99.4109,100,96.12903,100,5.5,0,0.0357,0.03296,0.00274,,0,100,,100,0.03361
ERICSSON,DTP,DTP022,LN-CBE001E-TGG,ENM13/LN-CBE001E-TGG/43,4G-CBE001M43-TGG,CELL,10/03/2026 06:00,6,1762.12613,13778.7985,96.496,100,99.76744,100,100,93.33333,6.66667,0,0.44184,0.42766,0.01418,,0,100,,100,0.0125
ERICSSON,DTP,DTP022,LN-CBE001E-TGG,ENM13/LN-CBE001E-TGG/43,4G-CBE001M43-TGG,CELL,10/03/2026 03:00,3,284.58213,8609.02908,93.5431,100,100,100,100,100,5.33333,0,0.0286,0.02352,0.00508,,0,,,,0.00194
ERICSSON,DTP,DTP022,LN-CBE001E-TGG,ENM13/LN-CBE001E-TGG/43,4G-CBE001M43-TGG,CELL,10/03/2026 07:00,7,2053.66304,7990.0721,93.7362,100,97.5052,100,98.97959,100,5.83333,0,0.07004,0.06399,0.00605,,0,100,100,100,0.00306
ERICSSON,DTP,DTP022,LN-CBE001E-TGG,ENM13/LN-CBE001E-TGG/43,4G-CBE001M43-TGG,CELL,10/03/2026 23:00,23,182.93387,5196.6085,98.9966,,98.33795,50,100,100,5,0,0.00962,0.0073,0.00231,,,,,,0
ERICSSON,DTP,DTP022,LN-CBE001E-TGG,ENM13/LN-CBE001E-TGG/43,4G-CBE001M43-TGG,CELL,10/03/2026 15:00,15,688.68579,6129.83459,94.4566,,99.49303,100,98.88889,100,5,0.15898,0.02445,0.02142,0.00303,100,,100,100,100,0.00056
ERICSSON,DTP,DTP022,LN-CBE001E-TGG,ENM13/LN-CBE001E-TGG/43,4G-CBE001M43-TGG,CELL,10/03/2026 10:00,10,755.6782,10017.25402,92.0897,,99.73475,100,99.3007,100,5.33333,0,0.05174,0.0481,0.00364,,0,75,,100,0.01611
ERICSSON,DTP,DTP022,LN-CBE001E-TGG,ENM13/LN-CBE001E-TGG/43,4G-CBE001M43-TGG,CELL,10/03/2026 20:00,20,946.40662,5631.85865,97.5887,,99.1195,100,100,100,11.16667,0,0.28735,0.27302,0.01432,,0,,,100,0.01194
ERICSSON,DTP,DTP022,LN-CBE001E-TGG,ENM13/LN-CBE001E-TGG/43,4G-CBE001M43-TGG,CELL,10/03/2026 22:00,22,2867.57426,6481.17781,98.8025,,99.81516,0,96.59091,100,5,0,0.02603,0.02014,0.00589,,,,,,0
ERICSSON,DTP,DTP022,LN-CBE001E-TGG,ENM13/LN-CBE001E-TGG/43,4G-CBE001M43-TGG,CELL,10/03/2026 16:00,16,1263.3455,11259.37995,95.561,100,99.86928,83.33333,98.6014,96.15385,5.66667,0,0.10831,0.09738,0.01093,,0,100,,100,0.00222
ERICSSON,DTP,DTP022,LN-CBE001E-TGG,ENM13/LN-CBE001E-TGG/43,4G-CBE001M43-TGG,CELL,10/03/2026 14:00,14,1036.36496,6138.30823,93.6773,100,100,100,100,100,5.16667,0.42857,0.0344,0.02833,0.00607,,,,100,,0
ERICSSON,DTP,DTP022,LN-CBE001E-TGG,ENM13/LN-CBE001E-TGG/43,4G-CBE001M43-TGG,CELL,10/03/2026 11:00,11,444.45429,5888.97456,92.0332,,99.64935,66.66667,99.3007,100,5,0,0.02716,0.02314,0.00402,,0,100,,100,0.00833
ERICSSON,DTP,DTP022,LN-CBE001E-TGG,ENM13/LN-CBE001E-TGG/43,4G-CBE001M43-TGG,CELL,10/03/2026 08:00,8,506.20837,8249.89901,95.5816,100,99.47297,100,99.21875,85.29412,7.5,0.15898,0.18819,0.17906,0.00912,,,100,,100,0
ERICSSON,DTP,DTP022,LN-CBE001E-TGG,ENM13/LN-CBE001E-TGG/43,4G-CBE001M43-TGG,CELL,10/03/2026 18:00,18,996.05363,5902.10809,93.4474,,99.55869,100,97.2973,100,6.83333,0,0.08126,0.07405,0.00721,,0,100,100,100,0.01889
ERICSSON,DTP,DTP022,LN-CBE001E-TGG,ENM13/LN-CBE001E-TGG/43,4G-CBE001M43-TGG,CELL,10/03/2026 01:00,1,321.6763,5917.12963,96.3652,,100,,100,100,5,0,0.00217,0.00175,0.00042,,,,,,0
ERICSSON,DTP,DTP022,LN-CBE001E-TGG,ENM13/LN-CBE001E-TGG/43,4G-CBE001M43-TGG,CELL,10/03/2026 00:00,0,717.52577,5974.90992,96.2568,,100,,98,100,5,0,0.00642,0.00572,0.00071,,,,,,0
ERICSSON,DTP,DTP022,LN-CBE001E-TGG,ENM13/LN-CBE001E-TGG/43,4G-CBE001M43-TGG,CELL,10/03/2026 12:00,12,896.07373,11482.63667,93.8331,,99.88277,100,100,100,5,0,0.03019,0.026,0.00419,,0,100,100,100,0.01222
ERICSSON,DTP,DTP022,LN-CBE001E-TGG,ENM13/LN-CBE001E-TGG/43,4G-CBE001M43-TGG,CELL,10/04/2026 10:00,10,891.6388,6746.07771,95.5108,,100,100,99.02439,100,10.5,0,0.34681,0.33216,0.01464,100,0,100,100,100,0.03361
ERICSSON,DTP,DTP022,LN-CBE001E-TGG,ENM13/LN-CBE001E-TGG/43,4G-CBE001M43-TGG,CELL,10/04/2026 04:00,4,462.14153,6679.97962,98.109,,100,,98.46154,100,5,0.28169,0.00886,0.00809,0.00077,,,,,,0
ERICSSON,DTP,DTP022,LN-CBE001E-TGG,ENM13/LN-CBE001E-TGG/43,4G-CBE001M43-TGG,CELL,10/04/2026 00:00,0,291.19598,9890.73515,98.1742,,100,,98.36066,100,5,0,0.00323,0.00272,0.00051,,,,,,0
ERICSSON,DTP,DTP022,LN-CBE001E-TGG,ENM13/LN-CBE001E-TGG/43,4G-CBE001M43-TGG,CELL,10/04/2026 13:00,13,1716.65339,8307.32722,97.8347,,99.65109,100,100,100,5.83333,0.13908,0.0737,0.06586,0.00785,,0,100,,,0.03667
ERICSSON,DTP,DTP022,LN-CBE001E-TGG,ENM13/LN-CBE001E-TGG/43,4G-CBE001M43-TGG,CELL,10/04/2026 08:00,8,1041.45088,7296.11302,96.8561,,100,100,96.875,93.33333,6.33333,0.15723,0.11014,0.09181,0.01833,,0,100,0,100,0.01028
ERICSSON,DTP,DTP022,LN-CBE001E-TGG,ENM13/LN-CBE001E-TGG/43,4G-CBE001M43-TGG,CELL,10/04/2026 23:00,23,865.87027,8149.94904,98.6012,,99.72528,,100,100,5.16667,0,0.02006,0.01732,0.00275,,,,,,0
ERICSSON,DTP,DTP022,LN-CBE001E-TGG,ENM13/LN-CBE001E-TGG/43,4G-CBE001M43-TGG,CELL,10/04/2026 05:00,5,852.75689,7953.95018,98.3519,,96.08985,100,100,100,5.5,0.43384,0.04665,0.04336,0.0033,,,100,,100,0.00056
ERICSSON,DTP,DTP022,LN-CBE001E-TGG,ENM13/LN-CBE001E-TGG/43,4G-CBE001M43-TGG,CELL,10/04/2026 15:00,15,1638.54055,6902.19366,97.29,100,99.27837,100,98.59155,100,8.33333,0,0.21763,0.20498,0.01265,,,100,,100,0
ERICSSON,DTP,DTP022,LN-CBE001E-TGG,ENM13/LN-CBE001E-TGG/43,4G-CBE001M43-TGG,CELL,10/04/2026 14:00,14,1907.8019,6859.10322,97.3223,,99.87013,100,98.34711,100,7.66667,0.16556,0.15028,0.1356,0.01468,100,0,100,100,100,0.005
ERICSSON,DTP,DTP022,LN-CBE001E-TGG,ENM13/LN-CBE001E-TGG/43,4G-CBE001M43-TGG,CELL,10/04/2026 16:00,16,1520.19465,8393.72685,98.2085,100,100,100,99.33333,100,6.16667,0.16779,0.09362,0.08425,0.00936,100,0,,100,100,0.03389
ERICSSON,DTP,DTP022,LN-CBE001E-TGG,ENM13/LN-CBE001E-TGG/43,4G-CBE001M43-TGG,CELL,10/04/2026 18:00,18,1041.02731,7209.65366,97.433,100,99.82238,100,98.61111,91.66667,5.83333,0,0.08093,0.07563,0.00531,,,,,,0
ERICSSON,DTP,DTP022,LN-CBE001E-TGG,ENM13/LN-CBE001E-TGG/43,4G-CBE001M43-TGG,CELL,10/04/2026 20:00,20,1342.60463,4478.95024,96.6247,,99.63504,100,100,100,19.33333,0,0.43542,0.40974,0.02568,,0,,,100,0.02667
ERICSSON,DTP,DTP022,LN-CBE001E-TGG,ENM13/LN-CBE001E-TGG/43,4G-CBE001M43-TGG,CELL,10/04/2026 22:00,22,1091.79056,4465.05268,98.2254,,100,100,100,95.45455,5,0,0.00874,0.00754,0.0012,,,,,,0
ERICSSON,DTP,DTP022,LN-CBE001E-TGG,ENM13/LN-CBE001E-TGG/43,4G-CBE001M43-TGG,CELL,10/04/2026 12:00,12,1654.82453,13318.76952,97.9983,100,99.89507,100,99.50249,100,9.5,0.10661,0.35856,0.33842,0.02015,100,0,100,100,100,0.0075
ERICSSON,DTP,DTP022,LN-CBE001E-TGG,ENM13/LN-CBE001E-TGG/43,4G-CBE001M43-TGG,CELL,10/04/2026 03:00,3,1033.42501,9538.91472,97.9417,,100,,98.18182,100,5.16667,0.34722,0.04997,0.04729,0.00267,,,,,,0
ERICSSON,DTP,DTP022,LN-CBE001E-TGG,ENM13/LN-CBE001E-TGG/43,4G-CBE001M43-TGG,CELL,10/04/2026 21:00,21,1465.35983,5459.47291,97.2345,,99.27299,100,100,95,8.5,0,0.14354,0.13404,0.0095,,,,,,0
ERICSSON,DTP,DTP022,LN-CBE001E-TGG,ENM13/LN-CBE001E-TGG/43,4G-CBE001M43-TGG,CELL,10/04/2026 17:00,17,1288.47991,7132.70771,96.839,100,99.73461,100,99.4152,97.22222,7.66667,0,0.15734,0.15004,0.0073,100,0,100,100,100,0.02056
ERICSSON,DTP,DTP022,LN-CBE001E-TGG,ENM13/LN-CBE001E-TGG/43,4G-CBE001M43-TGG,CELL,10/04/2026 06:00,6,1041.64361,7485.22628,97.9371,100,99.58506,75,99.30556,90.90909,5.66667,0.49751,0.06118,0.05693,0.00425,,0,100,,100,0.00111
ERICSSON,DTP,DTP022,LN-CBE001E-TGG,ENM13/LN-CBE001E-TGG/43,4G-CBE001M43-TGG,CELL,10/04/2026 09:00,9,1490.6871,6230.99298,95.2091,100,99.54273,100,99.49239,100,16.83333,0,0.56957,0.53845,0.03112,100,,,100,,0.00278
ERICSSON,DTP,DTP022,LN-CBE001E-TGG,ENM13/LN-CBE001E-TGG/43,4G-CBE001M43-TGG,CELL,10/04/2026 11:00,11,858.83986,5997.04826,98.3033,100,99.59732,,98.24561,100,5.5,0.1368,0.05231,0.04626,0.00604,,0,,100,100,0.01417
ERICSSON,DTP,DTP022,LN-CBE001E-TGG,ENM13/LN-CBE001E-TGG/43,4G-CBE001M43-TGG,CELL,10/04/2026 19:00,19,934.37559,9831.21513,97.5954,100,99.50956,100,97.31544,93.75,7.33333,0,0.231,0.20556,0.02544,,,100,,100,0
ERICSSON,DTP,DTP022,LN-CBE001E-TGG,ENM13/LN-CBE001E-TGG/43,4G-CBE001M43-TGG,CELL,10/04/2026 07:00,7,227.24732,4014.32285,98.9208,100,99.8776,100,100,100,6,0.41958,0.03515,0.03068,0.00446,,,100,,100,0.00028
ERICSSON,DTP,DTP022,LN-CBE001E-TGG,ENM13/LN-CBE001E-TGG/43,4G-CBE001M43-TGG,CELL,10/04/2026 01:00,1,427.84422,4485.49811,98.1588,,99.7006,,100,100,5,0,0.00311,0.00118,0.00194,,,,,,0
ERICSSON,DTP,DTP022,LN-CBE001E-TGG,ENM13/LN-CBE001E-TGG/43,4G-CBE001M43-TGG,CELL,10/04/2026 02:00,2,629.606,7449.20364,98.2538,,100,,100,100,5.66667,0,0.04383,0.04152,0.00232,,,,,,0
ERICSSON,DTP,DTP016,LN-CBE002M-TGG,ENM13/LN-CBE002M-TGG/11,4G-CBE002M11-TGG,CELL,10/01/2026 20:00,20,2016.66586,50324.49021,96.372,100,99.9182,100,,99.10371,8.5,0.03306,1.84533,1.73918,0.10615,,0,,100,100,0.09583
ERICSSON,DTP,DTP016,LN-CBE002M-TGG,ENM13/LN-CBE002M-TGG/11,4G-CBE002M11-TGG,CELL,10/01/2026 22:00,22,3490.08074,43088.24414,94.0171,100,99.95211,100,,98.4127,5.16667,0,0.45471,0.4066,0.04811,,0,,100,100,0.01722
ERICSSON,DTP,DTP016,LN-CBE002M-TGG,ENM13/LN-CBE002M-TGG/11,4G-CBE002M11-TGG,CELL,10/01/2026 17:00,17,4813.63475,37674.76343,95.1051,100,99.85406,100,,99.77376,10.33333,0.03135,1.70379,1.52582,0.17797,,0,,100,100,0.24194
ERICSSON,DTP,DTP016,LN-CBE002M-TGG,ENM13/LN-CBE002M-TGG/11,4G-CBE002M11-TGG,CELL,10/01/2026 23:00,23,2359.64972,49396.83471,93.3395,,99.8801,100,,99.76359,5,0.04114,0.57222,0.54601,0.02621,,0,,100,,0.00306
ERICSSON,DTP,DTP016,LN-CBE002M-TGG,ENM13/LN-CBE002M-TGG/11,4G-CBE002M11-TGG,CELL,10/01/2026 12:00,12,2361.48141,33556.34698,96.1371,100,99.92792,100,,99.12536,10,0.1295,1.76371,1.62915,0.13456,,0,,100,100,0.30694
ERICSSON,DTP,DTP016,LN-CBE002M-TGG,ENM13/LN-CBE002M-TGG/11,4G-CBE002M11-TGG,CELL,10/01/2026 15:00,15,4757.78878,33475.58628,95.5814,100,99.96561,100,,99.506,7.5,0,1.08729,0.97142,0.11586,100,0,,100,100,0.44194
ERICSSON,DTP,DTP016,LN-CBE002M-TGG,ENM13/LN-CBE002M-TGG/11,4G-CBE002M11-TGG,CELL,10/01/2026 16:00,16,2654.54913,34882.54355,95.5183,100,99.90365,100,,99.4898,7.16667,0.09597,1.17211,1.01423,0.15788,100,0,,100,100,0.42361
ERICSSON,DTP,DTP016,LN-CBE002M-TGG,ENM13/LN-CBE002M-TGG/11,4G-CBE002M11-TGG,CELL,10/01/2026 11:00,11,2457.98374,39906.16709,96.6754,100,99.69059,100,,99.84615,10.16667,0.26205,2.12989,1.95156,0.17833,,0,,100,100,0.32972
ERICSSON,DTP,DTP016,LN-CBE002M-TGG,ENM13/LN-CBE002M-TGG/11,4G-CBE002M11-TGG,CELL,10/01/2026 10:00,10,2286.36738,47087.43537,97.1626,100,99.81972,100,,99.42748,7.5,0.02573,1.73422,1.4945,0.23972,100,0,,100,100,0.94583
ERICSSON,DTP,DTP016,LN-CBE002M-TGG,ENM13/LN-CBE002M-TGG/11,4G-CBE002M11-TGG,CELL,10/01/2026 02:00,2,2080.09009,32770.89549,94.4484,100,99.38026,100,,99.05437,5.5,0,0.27424,0.25766,0.01658,,0,,100,100,0.00333
ERICSSON,DTP,DTP016,LN-CBE002M-TGG,ENM13/LN-CBE002M-TGG/11,4G-CBE002M11-TGG,CELL,10/01/2026 01:00,1,1681.32347,30490.00422,93.514,100,99.02595,0,,99.57447,5.16667,0,0.25828,0.24194,0.01634,,,,,,0
ERICSSON,DTP,DTP016,LN-CBE002M-TGG,ENM13/LN-CBE002M-TGG/11,4G-CBE002M11-TGG,CELL,10/01/2026 00:00,0,7274.61416,29950.69859,93.8743,,99.45881,66.66667,,99.6732,6,0.06515,0.30077,0.27079,0.02998,,0,,100,100,0
ERICSSON,DTP,DTP016,LN-CBE002M-TGG,ENM13/LN-CBE002M-TGG/11,4G-CBE002M11-TGG,CELL,10/01/2026 21:00,21,2242.65424,48384.91209,94.1047,100,99.4908,100,,99.14966,5.5,0,0.92845,0.87579,0.05266,,0,,100,100,0.01333
ERICSSON,DTP,DTP016,LN-CBE002M-TGG,ENM13/LN-CBE002M-TGG/11,4G-CBE002M11-TGG,CELL,10/01/2026 19:00,19,3245.11342,41849.65948,96.7805,100,99.9322,100,,99.29988,8.5,0.03201,1.81908,1.61042,0.20866,100,0,,100,100,0.12389
ERICSSON,DTP,DTP016,LN-CBE002M-TGG,ENM13/LN-CBE002M-TGG/11,4G-CBE002M11-TGG,CELL,10/01/2026 18:00,18,5791.59706,29860.87901,96.1262,100,99.96573,100,,99.42474,7.5,0,0.9715,0.82745,0.14405,100,0,,100,100,0.2825
ERICSSON,DTP,DTP016,LN-CBE002M-TGG,ENM13/LN-CBE002M-TGG/11,4G-CBE002M11-TGG,CELL,10/01/2026 14:00,14,1447.53565,38454.91876,95.3652,100,99.85254,95.2381,,99.64514,6.66667,0,1.17704,1.07829,0.09875,100,0,,100,100,0.50778
ERICSSON,DTP,DTP016,LN-CBE002M-TGG,ENM13/LN-CBE002M-TGG/11,4G-CBE002M11-TGG,CELL,10/01/2026 13:00,13,2343.23863,39043.41017,95.9551,100,99.93507,100,,99.68872,6.66667,0,1.17775,1.07125,0.10649,100,0,,100,100,0.28556
ERICSSON,DTP,DTP016,LN-CBE002M-TGG,ENM13/LN-CBE002M-TGG/11,4G-CBE002M11-TGG,CELL,10/01/2026 08:00,8,2176.29398,36511.66631,97.4997,100,99.95148,100,,99.47137,14.33333,0.02542,2.77805,2.59931,0.17874,100,0,,100,100,0.68389
ERICSSON,DTP,DTP016,LN-CBE002M-TGG,ENM13/LN-CBE002M-TGG/11,4G-CBE002M11-TGG,CELL,10/01/2026 09:00,9,2817.82782,36192.27169,96.9803,100,99.93886,100,,99.66302,9,0.02757,1.77486,1.60721,0.16766,100,0,,100,100,0.53056
ERICSSON,DTP,DTP016,LN-CBE002M-TGG,ENM13/LN-CBE002M-TGG/11,4G-CBE002M11-TGG,CELL,10/01/2026 07:00,7,1953.04144,52284.43984,96.9701,100,99.94994,100,,100,6.5,0.08021,1.1769,1.00849,0.16841,,0,,100,100,0.46194
ERICSSON,DTP,DTP016,LN-CBE002M-TGG,ENM13/LN-CBE002M-TGG/11,4G-CBE002M11-TGG,CELL,10/01/2026 06:00,6,2068.97622,42245.81331,95.7802,100,99.95368,100,,99.59893,5.5,0.03785,0.53197,0.4578,0.07417,,0,,100,100,0.19
ERICSSON,DTP,DTP016,LN-CBE002M-TGG,ENM13/LN-CBE002M-TGG/11,4G-CBE002M11-TGG,CELL,10/01/2026 04:00,4,1691.3805,51203.16593,94.0529,100,100,100,,99.30796,5,0,0.1532,0.12859,0.02461,100,0,,100,100,0.00528
ERICSSON,DTP,DTP016,LN-CBE002M-TGG,ENM13/LN-CBE002M-TGG/11,4G-CBE002M11-TGG,CELL,10/01/2026 05:00,5,1167.87405,46793.48753,94.8118,100,99.93248,100,,99.65458,5,0,0.14122,0.12956,0.01166,,0,,100,100,0.01083
ERICSSON,DTP,DTP016,LN-CBE002M-TGG,ENM13/LN-CBE002M-TGG/11,4G-CBE002M11-TGG,CELL,10/01/2026 03:00,3,1524.6937,48614.24373,93.5856,,99.91797,100,,99.72973,5,0,0.47785,0.45222,0.02562,,0,,100,,0.01639
ERICSSON,DTP,DTP016,LN-CBE002M-TGG,ENM13/LN-CBE002M-TGG/11,4G-CBE002M11-TGG,CELL,10/02/2026 01:00,1,1904.17015,36906.73541,97.3141,0,99.86432,,,99.39148,5.83333,0.06024,1.11205,1.07998,0.03207,,0,,100,100,0.01722
ERICSSON,DTP,DTP016,LN-CBE002M-TGG,ENM13/LN-CBE002M-TGG/11,4G-CBE002M11-TGG,CELL,10/02/2026 13:00,13,996.01046,23517.85954,94.4118,100,99.78519,95.83333,,99.66689,11,0.06075,1.47795,1.37583,0.10212,,0,,100,100,0.31444
ERICSSON,DTP,DTP016,LN-CBE002M-TGG,ENM13/LN-CBE002M-TGG/11,4G-CBE002M11-TGG,CELL,10/02/2026 08:00,8,18844.05475,46854.64778,97.9651,100,99.88539,100,,99.73615,6.5,0.08547,1.18869,0.91166,0.27702,,0,,100,100,0.47806
ERICSSON,DTP,DTP016,LN-CBE002M-TGG,ENM13/LN-CBE002M-TGG/11,4G-CBE002M11-TGG,CELL,10/02/2026 00:00,0,3748.82901,54912.82736,96.0594,100,100,,,99.17355,6.5,0,1.70327,1.63308,0.07019,,,,100,,0
ERICSSON,DTP,DTP016,LN-CBE002M-TGG,ENM13/LN-CBE002M-TGG/11,4G-CBE002M11-TGG,CELL,10/02/2026 02:00,2,1393.86437,48569.81096,96.9101,,99.17569,100,,99.14773,5,0.11962,0.82986,0.80075,0.02911,100,,,100,100,0.00639
ERICSSON,DTP,DTP016,LN-CBE002M-TGG,ENM13/LN-CBE002M-TGG/11,4G-CBE002M11-TGG,CELL,10/02/2026 20:00,20,2194.17585,45052.48088,96.4627,100,99.96434,100,,99.17937,6.5,0,1.07909,0.98116,0.09793,,0,,100,100,0.15556
ERICSSON,DTP,DTP016,LN-CBE002M-TGG,ENM13/LN-CBE002M-TGG/11,4G-CBE002M11-TGG,CELL,10/02/2026 16:00,16,3348.75091,31780.54129,96.7046,100,99.78608,100,,99.3895,10.66667,0.02692,1.79551,1.57107,0.22444,100,0,,100,100,0.43361
ERICSSON,DTP,DTP016,LN-CBE002M-TGG,ENM13/LN-CBE002M-TGG/11,4G-CBE002M11-TGG,CELL,10/02/2026 22:00,22,22128.61789,41728.44597,96.2703,100,99.89964,100,,99.55157,6.83333,0.09865,1.12789,1.01042,0.11747,,0,,100,100,0.07
ERICSSON,DTP,DTP016,LN-CBE002M-TGG,ENM13/LN-CBE002M-TGG/11,4G-CBE002M11-TGG,CELL,10/02/2026 17:00,17,1694.77998,34094.16209,96.6035,100,99.69605,97.36842,,99.09659,12.83333,0.04684,2.52307,2.32562,0.19745,100,0,,100,100,0.60333
ERICSSON,DTP,DTP016,LN-CBE002M-TGG,ENM13/LN-CBE002M-TGG/11,4G-CBE002M11-TGG,CELL,10/02/2026 12:00,12,2637.44613,24643.88381,96.3776,100,99.80658,87.5,,99.45568,8.83333,0.03436,1.14035,0.99739,0.14296,,0,,100,100,0.25222
ERICSSON,DTP,DTP016,LN-CBE002M-TGG,ENM13/LN-CBE002M-TGG/11,4G-CBE002M11-TGG,CELL,10/02/2026 23:00,23,2674.07002,49033.19949,95.0591,100,99.89328,0,,99.10714,5,0.03479,0.43636,0.39228,0.04408,,,,100,,0.00361
ERICSSON,DTP,DTP016,LN-CBE002M-TGG,ENM13/LN-CBE002M-TGG/11,4G-CBE002M11-TGG,CELL,10/02/2026 15:00,15,2601.79965,30979.39449,96.4025,100,99.66481,100,,99.6379,10.66667,0,1.66143,1.46256,0.19887,100,0,,100,100,0.59028
ERICSSON,DTP,DTP016,LN-CBE002M-TGG,ENM13/LN-CBE002M-TGG/11,4G-CBE002M11-TGG,CELL,10/02/2026 18:00,18,2269.06657,33790.53017,95.5429,100,99.78895,100,,99.6988,8.33333,0.05448,1.58544,1.3196,0.26584,100,0,,100,100,0.15778
ERICSSON,DTP,DTP016,LN-CBE002M-TGG,ENM13/LN-CBE002M-TGG/11,4G-CBE002M11-TGG,CELL,10/02/2026 21:00,21,10651.1999,51924.23811,96.2623,100,99.93956,100,,99.65928,6,0,1.31889,1.18163,0.13726,,0,,100,100,0.04528
ERICSSON,DTP,DTP016,LN-CBE002M-TGG,ENM13/LN-CBE002M-TGG/11,4G-CBE002M11-TGG,CELL,10/02/2026 19:00,19,3269.35329,43987.16188,96.1814,100,99.87902,100,,100,8.66667,0.02593,1.79788,1.59728,0.2006,100,0,,100,100,0.305
ERICSSON,DTP,DTP016,LN-CBE002M-TGG,ENM13/LN-CBE002M-TGG/11,4G-CBE002M11-TGG,CELL,10/02/2026 09:00,9,2042.58097,43744.7551,97.8302,100,99.93361,100,,99.5438,9.16667,0.05862,1.59368,1.44107,0.15262,100,0,,100,100,0.4
ERICSSON,DTP,DTP016,LN-CBE002M-TGG,ENM13/LN-CBE002M-TGG/11,4G-CBE002M11-TGG,CELL,10/02/2026 11:00,11,8417.78998,41680.97979,96.8937,100,99.88445,100,,99.77307,9.33333,0,1.95693,1.58084,0.37608,,0,,100,100,0.19917
ERICSSON,DTP,DTP016,LN-CBE002M-TGG,ENM13/LN-CBE002M-TGG/11,4G-CBE002M11-TGG,CELL,10/02/2026 03:00,3,2515.67773,54249.59326,96.1067,100,99.7175,100,,99.67638,5.66667,0,0.86059,0.82868,0.03191,,0,,100,100,0.03
ERICSSON,DTP,DTP016,LN-CBE002M-TGG,ENM13/LN-CBE002M-TGG/11,4G-CBE002M11-TGG,CELL,10/02/2026 04:00,4,2746.35786,42045.74834,93.8284,100,99.70775,87.5,,99.69136,5,0.05074,0.23073,0.2073,0.02343,,0,,100,100,0.02889
ERICSSON,DTP,DTP016,LN-CBE002M-TGG,ENM13/LN-CBE002M-TGG/11,4G-CBE002M11-TGG,CELL,10/02/2026 10:00,10,3270.11485,39667.3412,97.2134,100,99.94706,100,,99.82254,7.66667,0,1.39772,1.1523,0.24542,,0,,100,100,0.36083
ERICSSON,DTP,DTP016,LN-CBE002M-TGG,ENM13/LN-CBE002M-TGG/11,4G-CBE002M11-TGG,CELL,10/02/2026 06:00,6,2393.16272,18911.43414,97.5648,100,99.92945,100,,99.3985,10.66667,0.03727,0.81274,0.74057,0.07218,100,0,,100,100,0.28806
ERICSSON,DTP,DTP016,LN-CBE002M-TGG,ENM13/LN-CBE002M-TGG/11,4G-CBE002M11-TGG,CELL,10/02/2026 05:00,5,817.29587,46240.96178,96.2053,100,99.72068,100,,99.40299,5,0,0.19834,0.17174,0.02661,,0,,100,100,0.0225
ERICSSON,DTP,DTP016,LN-CBE002M-TGG,ENM13/LN-CBE002M-TGG/11,4G-CBE002M11-TGG,CELL,10/02/2026 07:00,7,1821.63378,23666.47837,98.3108,100,99.96185,91.30435,,99.2278,7.83333,0.02822,1.40531,1.10068,0.30463,,0,,100,100,0.30389
ERICSSON,DTP,DTP016,LN-CBE002M-TGG,ENM13/LN-CBE002M-TGG/11,4G-CBE002M11-TGG,CELL,10/02/2026 14:00,14,2112.80709,39638.06828,96.5207,100,99.89202,92,,99.65035,6.5,0,1.06908,0.94297,0.12611,100,0,,100,100,0.39556
ERICSSON,DTP,DTP016,LN-CBE002M-TGG,ENM13/LN-CBE002M-TGG/11,4G-CBE002M11-TGG,CELL,10/03/2026 03:00,3,1851.92216,40877.33848,94.1775,,100,100,,97.28155,5.5,0,0.73819,0.71793,0.02026,,0,,100,100,0.01139
ERICSSON,DTP,DTP016,LN-CBE002M-TGG,ENM13/LN-CBE002M-TGG/11,4G-CBE002M11-TGG,CELL,10/03/2026 18:00,18,1877.7232,38881.86142,96.9205,100,99.65123,100,,99.43182,6.66667,0,1.17277,0.99214,0.18063,100,0,,100,100,0.27
ERICSSON,DTP,DTP016,LN-CBE002M-TGG,ENM13/LN-CBE002M-TGG/11,4G-CBE002M11-TGG,CELL,10/03/2026 15:00,15,3632.4832,39441.03656,97.0383,100,99.8098,95,,99.42675,12.5,0.05598,2.6405,2.39155,0.24895,50,0,,97.95918,100,0.44028
ERICSSON,DTP,DTP016,LN-CBE002M-TGG,ENM13/LN-CBE002M-TGG/11,4G-CBE002M11-TGG,CELL,10/03/2026 05:00,5,1309.97607,40179.34783,95.3231,100,99.92536,100,,100,5.16667,0.03541,0.21898,0.19121,0.02777,,0,,100,100,0.09556
ERICSSON,DTP,DTP016,LN-CBE002M-TGG,ENM13/LN-CBE002M-TGG/11,4G-CBE002M11-TGG,CELL,10/03/2026 19:00,19,6343.81462,37797.61661,97.5134,100,99.85408,100,,99.8045,8.5,0,1.75484,1.36052,0.39432,,0,,100,100,0.11333
ERICSSON,DTP,DTP016,LN-CBE002M-TGG,ENM13/LN-CBE002M-TGG/11,4G-CBE002M11-TGG,CELL,10/03/2026 00:00,0,3232.37206,37208.96602,95.6161,,99.95871,100,,99.50495,5,0,0.26929,0.24869,0.0206,,0,,,100,0.02639
ERICSSON,DTP,DTP016,LN-CBE002M-TGG,ENM13/LN-CBE002M-TGG/11,4G-CBE002M11-TGG,CELL,10/03/2026 02:00,2,1013.38996,34226.49563,94.2655,,100,100,,99.86631,5.33333,0,0.30242,0.28887,0.01355,,,,100,,0.00028
ERICSSON,DTP,DTP016,LN-CBE002M-TGG,ENM13/LN-CBE002M-TGG/11,4G-CBE002M11-TGG,CELL,10/03/2026 06:00,6,5272.29959,62363.09929,96.2505,71.42857,99.86989,100,,99.75,7.83333,0.09634,1.30531,1.21989,0.08542,100,0,,100,100,0.17778
ERICSSON,DTP,DTP016,LN-CBE002M-TGG,ENM13/LN-CBE002M-TGG/11,4G-CBE002M11-TGG,CELL,10/03/2026 08:00,8,1733.75139,50029.98758,96.039,100,99.97935,100,,99.68944,7.5,0.06562,1.60585,1.46135,0.1445,100,0,,100,100,0.35361
ERICSSON,DTP,DTP016,LN-CBE002M-TGG,ENM13/LN-CBE002M-TGG/11,4G-CBE002M11-TGG,CELL,10/03/2026 12:00,12,2044.20189,34971.93981,95.7375,100,99.65544,93.54839,,99.23452,13,0.05359,2.15097,1.9406,0.21037,100,0,,100,100,0.22056
ERICSSON,DTP,DTP016,LN-CBE002M-TGG,ENM13/LN-CBE002M-TGG/11,4G-CBE002M11-TGG,CELL,10/03/2026 09:00,9,2002.60591,38772.14861,96.0891,100,99.93088,95,,99.79879,8.83333,0.02151,1.61993,1.40963,0.21029,,0,,100,100,0.48778
ERICSSON,DTP,DTP016,LN-CBE002M-TGG,ENM13/LN-CBE002M-TGG/11,4G-CBE002M11-TGG,CELL,10/03/2026 17:00,17,2117.73296,35360.76163,96.3335,100,99.83203,96.15385,,99.42893,10.16667,0.02444,1.67289,1.48675,0.18614,,0,,100,100,0.17389
ERICSSON,DTP,DTP016,LN-CBE002M-TGG,ENM13/LN-CBE002M-TGG/11,4G-CBE002M11-TGG,CELL,10/03/2026 01:00,1,13589.9963,37067.41433,95.1425,0,100,100,,98.0057,5.5,0,0.4531,0.39455,0.05855,,,,,,0
ERICSSON,DTP,DTP016,LN-CBE002M-TGG,ENM13/LN-CBE002M-TGG/11,4G-CBE002M11-TGG,CELL,10/03/2026 20:00,20,2232.82109,33090.81707,95.8155,100,100,100,,99.09091,6.5,0.08344,0.87768,0.77114,0.10655,100,0,,100,100,0.07917
ERICSSON,DTP,DTP016,LN-CBE002M-TGG,ENM13/LN-CBE002M-TGG/11,4G-CBE002M11-TGG,CELL,10/03/2026 07:00,7,5165.55337,52718.46955,97.4545,100,99.89487,100,,99.69512,6,0.02616,1.27373,1.16575,0.10798,100,0,,100,100,0.33417
ERICSSON,DTP,DTP016,LN-CBE002M-TGG,ENM13/LN-CBE002M-TGG/11,4G-CBE002M11-TGG,CELL,10/03/2026 16:00,16,3792.78453,41749.51345,96.6889,100,99.79355,100,,99.80106,10.33333,0.04762,2.24798,2.05672,0.19125,100,0,,100,100,0.24278
ERICSSON,DTP,DTP016,LN-CBE002M-TGG,ENM13/LN-CBE002M-TGG/11,4G-CBE002M11-TGG,CELL,10/03/2026 10:00,10,3494.31275,33979.84094,95.7487,100,99.95161,100,,99.32584,15,0.02508,2.58394,2.37051,0.21343,100,0,,100,100,0.50222
ERICSSON,DTP,DTP016,LN-CBE002M-TGG,ENM13/LN-CBE002M-TGG/11,4G-CBE002M11-TGG,CELL,10/03/2026 23:00,23,3101.03526,46019.91415,94.9999,,100,100,,99.36034,5.66667,0,0.78859,0.7583,0.03029,,0,,100,100,0.00361
ERICSSON,DTP,DTP016,LN-CBE002M-TGG,ENM13/LN-CBE002M-TGG/11,4G-CBE002M11-TGG,CELL,10/03/2026 04:00,4,3159.08693,53897.68687,94.8059,100,99.96133,100,,99.53162,5,0.03982,0.29951,0.28112,0.0184,,0,,100,100,0.0625
ERICSSON,DTP,DTP016,LN-CBE002M-TGG,ENM13/LN-CBE002M-TGG/11,4G-CBE002M11-TGG,CELL,10/03/2026 11:00,11,2853.63874,36439.11657,94.8742,100,99.88527,100,,98.97511,11.5,0.10532,2.02644,1.84349,0.18295,,0,,100,100,0.56028
ERICSSON,DTP,DTP016,LN-CBE002M-TGG,ENM13/LN-CBE002M-TGG/11,4G-CBE002M11-TGG,CELL,10/03/2026 21:00,21,2859.78047,32733.56438,93.9268,100,99.80998,100,,98.7395,7.16667,0.04708,0.87854,0.79533,0.08321,,0,,100,100,0.04167
ERICSSON,DTP,DTP016,LN-CBE002M-TGG,ENM13/LN-CBE002M-TGG/11,4G-CBE002M11-TGG,CELL,10/03/2026 14:00,14,2202.96571,38803.44969,96.6835,100,99.91963,100,,99.72936,8.33333,0.02667,1.57508,1.3642,0.21089,100,0,,100,100,0.49917
ERICSSON,DTP,DTP016,LN-CBE002M-TGG,ENM13/LN-CBE002M-TGG/11,4G-CBE002M11-TGG,CELL,10/03/2026 13:00,13,2119.65001,34948.86246,96.953,100,100,94.73684,,99.30636,15.66667,0,2.88191,2.69453,0.18737,,0,,100,100,0.31306
ERICSSON,DTP,DTP016,LN-CBE002M-TGG,ENM13/LN-CBE002M-TGG/11,4G-CBE002M11-TGG,CELL,10/03/2026 22:00,22,4261.68735,42124.66511,93.088,100,100,100,,98.40764,5.5,0,0.75148,0.68775,0.06373,100,0,,100,100,0.03028
ERICSSON,DTP,DTP016,LN-CBE002M-TGG,ENM13/LN-CBE002M-TGG/11,4G-CBE002M11-TGG,CELL,10/04/2026 01:00,1,3961.09946,41109.83376,92.7207,100,99.87482,,,99.75062,5.33333,0.06242,0.24485,0.23433,0.01052,,,,100,,0
ERICSSON,DTP,DTP016,LN-CBE002M-TGG,ENM13/LN-CBE002M-TGG/11,4G-CBE002M11-TGG,CELL,10/04/2026 10:00,10,3696.44449,57208.9735,97.4234,100,99.95188,94.44444,,99.83819,7,0.05204,1.68615,1.52224,0.16392,100,0,,100,100,0.14889
ERICSSON,DTP,DTP016,LN-CBE002M-TGG,ENM13/LN-CBE002M-TGG/11,4G-CBE002M11-TGG,CELL,10/04/2026 19:00,19,2374.45203,41683.38782,97.4584,100,99.96741,100,,99.44444,9.5,0.05604,1.79417,1.54366,0.25051,100,0,,100,100,0.1
ERICSSON,DTP,DTP016,LN-CBE002M-TGG,ENM13/LN-CBE002M-TGG/11,4G-CBE002M11-TGG,CELL,10/04/2026 00:00,0,6267.52277,35248.02125,94.1507,,99.88846,100,,98.98219,5.33333,0,0.36374,0.33325,0.03049,,0,,,100,0
ERICSSON,DTP,DTP016,LN-CBE002M-TGG,ENM13/LN-CBE002M-TGG/11,4G-CBE002M11-TGG,CELL,10/04/2026 13:00,13,2080.85136,39154.16443,96.0271,100,99.89303,100,,99.2092,11.33333,0.10588,2.13932,2.03217,0.10715,100,0,,96.42857,100,0.36583
ERICSSON,DTP,DTP016,LN-CBE002M-TGG,ENM13/LN-CBE002M-TGG/11,4G-CBE002M11-TGG,CELL,10/04/2026 18:00,18,3889.72599,47087.13045,96.9783,100,99.91751,100,,99.57841,11.16667,0.07864,2.45213,2.25397,0.19816,100,0,,100,100,0.15944
ERICSSON,DTP,DTP016,LN-CBE002M-TGG,ENM13/LN-CBE002M-TGG/11,4G-CBE002M11-TGG,CELL,10/04/2026 04:00,4,1382.8012,61414.3104,95.1928,100,99.94574,100,,99.13295,5,0,0.38862,0.36905,0.01957,,0,,100,100,0.0775
ERICSSON,DTP,DTP016,LN-CBE002M-TGG,ENM13/LN-CBE002M-TGG/11,4G-CBE002M11-TGG,CELL,10/04/2026 05:00,5,1413.27878,27083.88944,96.4763,100,100,100,,99.52941,5.83333,0,0.42294,0.3874,0.03554,,0,,100,100,0.02583
ERICSSON,DTP,DTP016,LN-CBE002M-TGG,ENM13/LN-CBE002M-TGG/11,4G-CBE002M11-TGG,CELL,10/04/2026 03:00,3,421.48447,46673.52006,95.0786,100,100,100,,99.0991,5,0,0.26216,0.24847,0.01369,,0,,,100,0.00889
ERICSSON,DTP,DTP016,LN-CBE002M-TGG,ENM13/LN-CBE002M-TGG/11,4G-CBE002M11-TGG,CELL,10/04/2026 15:00,15,3145.45308,43023.62683,95.8415,100,99.85791,100,,99.50464,7.83333,0.14465,1.61904,1.47556,0.14348,,0,,100,100,0.34944
ERICSSON,DTP,DTP016,LN-CBE002M-TGG,ENM13/LN-CBE002M-TGG/11,4G-CBE002M11-TGG,CELL,10/04/2026 06:00,6,1957.78523,55353.26505,97.5649,100,100,100,,99.86034,5.66667,0.03306,0.96051,0.80543,0.15507,100,0,,100,100,0.32556
ERICSSON,DTP,DTP016,LN-CBE002M-TGG,ENM13/LN-CBE002M-TGG/11,4G-CBE002M11-TGG,CELL,10/04/2026 23:00,23,1776.01167,33543.62512,94.4419,,99.81335,100,,99.39759,6.33333,0.04921,0.64598,0.57904,0.06694,,,,,,0
ERICSSON,DTP,DTP016,LN-CBE002M-TGG,ENM13/LN-CBE002M-TGG/11,4G-CBE002M11-TGG,CELL,10/04/2026 17:00,17,2492.8627,37948.15122,96.9691,100,99.90612,100,,99.81538,9.33333,0.07046,1.72432,1.56451,0.1598,,0,,100,100,0.44778
ERICSSON,DTP,DTP016,LN-CBE002M-TGG,ENM13/LN-CBE002M-TGG/11,4G-CBE002M11-TGG,CELL,10/04/2026 07:00,7,8281.02364,45791.4606,96.8309,100,99.95228,90,,99.39289,6.5,0.07657,1.38701,1.19381,0.1932,0,0,,96.66667,100,0.49778
ERICSSON,DTP,DTP016,LN-CBE002M-TGG,ENM13/LN-CBE002M-TGG/11,4G-CBE002M11-TGG,CELL,10/04/2026 16:00,16,3559.98735,36144.98989,96.0727,100,99.90275,92.30769,,99.69843,10.66667,0.02449,1.94696,1.74773,0.19924,,0,,100,100,0.22222
ERICSSON,DTP,DTP016,LN-CBE002M-TGG,ENM13/LN-CBE002M-TGG/11,4G-CBE002M11-TGG,CELL,10/04/2026 22:00,22,4742.17168,36358.98968,93.115,,99.74578,,,99.59514,5,0.10621,0.27016,0.24208,0.02808,,0,,100,100,0.0025
ERICSSON,DTP,DTP016,LN-CBE002M-TGG,ENM13/LN-CBE002M-TGG/11,4G-CBE002M11-TGG,CELL,10/04/2026 12:00,12,3373.34928,34458.93908,96.8856,100,99.91421,100,,99.48718,14,0.05596,2.50754,2.30201,0.20553,100,0,,100,100,0.25667
ERICSSON,DTP,DTP016,LN-CBE002M-TGG,ENM13/LN-CBE002M-TGG/11,4G-CBE002M11-TGG,CELL,10/04/2026 21:00,21,3585.99209,36214.22248,93.5334,100,100,100,,99.24242,5.33333,0,0.40851,0.36226,0.04625,,0,,100,100,0.07472
ERICSSON,DTP,DTP016,LN-CBE002M-TGG,ENM13/LN-CBE002M-TGG/11,4G-CBE002M11-TGG,CELL,10/04/2026 11:00,11,4323.51982,34272.26311,97.0365,100,99.94564,100,,99.41945,11.66667,0.02478,2.26991,2.0168,0.25311,100,0,,100,100,0.38861
ERICSSON,DTP,DTP016,LN-CBE002M-TGG,ENM13/LN-CBE002M-TGG/11,4G-CBE002M11-TGG,CELL,10/04/2026 02:00,2,2267.59565,40469.32121,93.7559,,99.84733,100,,99.32886,5,0,0.18717,0.17259,0.01458,100,,,100,100,0.00139
ERICSSON,DTP,DTP016,LN-CBE002M-TGG,ENM13/LN-CBE002M-TGG/11,4G-CBE002M11-TGG,CELL,10/04/2026 09:00,9,2629.77884,40409.59362,98.1548,100,100,93.33333,,99.45483,13.33333,0.09678,2.90916,2.70875,0.20041,100,0,,100,100,0.4675
ERICSSON,DTP,DTP016,LN-CBE002M-TGG,ENM13/LN-CBE002M-TGG/11,4G-CBE002M11-TGG,CELL,10/04/2026 20:00,20,8349.79062,41260.76799,97.1347,100,99.86991,100,,99.59677,8,0.03751,1.33024,1.19338,0.13686,,0,,100,100,0.14444
ERICSSON,DTP,DTP016,LN-CBE002M-TGG,ENM13/LN-CBE002M-TGG/11,4G-CBE002M11-TGG,CELL,10/04/2026 08:00,8,3794.98446,34207.67854,97.8732,100,99.81164,90.47619,,99.61449,13.5,0.0999,2.61619,2.39773,0.21846,100,0,,100,100,0.67583
ERICSSON,DTP,DTP016,LN-CBE002M-TGG,ENM13/LN-CBE002M-TGG/11,4G-CBE002M11-TGG,CELL,10/04/2026 14:00,14,2563.3454,31764.9103,96.7275,100,99.85694,100,,99.5114,11.33333,0.11114,1.92303,1.7647,0.15833,100,0,,100,100,0.47306
ERICSSON,DTP,DTP016,LN-CBE002M-TGG,ENM13/LN-CBE002M-TGG/12,4G-CBE002M12-TGG,CELL,10/01/2026 20:00,20,4145.50488,54352.39641,97.1899,100,99.69059,100,,100,15.83333,0.05342,4.57926,4.34929,0.22997,,0,,100,100,0.41694
ERICSSON,DTP,DTP016,LN-CBE002M-TGG,ENM13/LN-CBE002M-TGG/12,4G-CBE002M12-TGG,CELL,10/01/2026 22:00,22,4651.84365,76126.65907,96.6695,100,99.94305,92.30769,,99.36975,7,0.08681,1.85878,1.71047,0.14831,,0,,100,100,0.01444
ERICSSON,DTP,DTP016,LN-CBE002M-TGG,ENM13/LN-CBE002M-TGG/12,4G-CBE002M12-TGG,CELL,10/01/2026 17:00,17,2463.00129,51021.85759,97.2623,100,99.8017,98.03922,,99.92526,25.33333,0.04989,6.97179,6.50234,0.46945,100,0,,100,100,0.56667
ERICSSON,DTP,DTP016,LN-CBE002M-TGG,ENM13/LN-CBE002M-TGG/12,4G-CBE002M12-TGG,CELL,10/01/2026 23:00,23,4686.8277,68726.97697,95.7831,,100,75,,99.73404,6.66667,0.04174,1.57766,1.48989,0.08777,,0,,100,100,0.01417
ERICSSON,DTP,DTP016,LN-CBE002M-TGG,ENM13/LN-CBE002M-TGG/12,4G-CBE002M12-TGG,CELL,10/01/2026 15:00,15,4076.03792,62835.30621,97.2512,100,99.84728,92.85714,,99.70326,15.66667,0.03487,4.2981,3.92358,0.37452,50,0,,96.875,100,0.45972
ERICSSON,DTP,DTP016,LN-CBE002M-TGG,ENM13/LN-CBE002M-TGG/12,4G-CBE002M12-TGG,CELL,10/01/2026 12:00,12,4029.44628,51398.21913,95.8325,100,99.54776,100,,99.40697,16.33333,0.0765,4.22193,3.88116,0.34077,100,1.49254,,100,100,0.57417
ERICSSON,DTP,DTP016,LN-CBE002M-TGG,ENM13/LN-CBE002M-TGG/12,4G-CBE002M12-TGG,CELL,10/01/2026 16:00,16,4728.39761,54124.81113,97.2041,100,99.90764,100,,99.48487,16.5,0.11143,4.39284,3.92909,0.46375,,0,,100,100,0.55111
ERICSSON,DTP,DTP016,LN-CBE002M-TGG,ENM13/LN-CBE002M-TGG/12,4G-CBE002M12-TGG,CELL,10/01/2026 11:00,11,2064.14491,54504.55639,96.097,100,99.70673,88.52459,,100,17.16667,0.04448,4.89708,4.55801,0.33906,100,0,,100,100,0.73694
ERICSSON,DTP,DTP016,LN-CBE002M-TGG,ENM13/LN-CBE002M-TGG/12,4G-CBE002M12-TGG,CELL,10/01/2026 10:00,10,1842.68946,54271.6215,96.5282,100,99.93982,100,,99.34162,13.83333,0.10975,3.81639,3.49952,0.31686,100,0,,100,100,1.33917
ERICSSON,DTP,DTP016,LN-CBE002M-TGG,ENM13/LN-CBE002M-TGG/12,4G-CBE002M12-TGG,CELL,10/01/2026 02:00,2,3269.8643,65292.51569,94.904,75,99.93657,100,,100,5.33333,0,0.86808,0.82761,0.04046,,0,,100,100,0.01167
ERICSSON,DTP,DTP016,LN-CBE002M-TGG,ENM13/LN-CBE002M-TGG/12,4G-CBE002M12-TGG,CELL,10/01/2026 01:00,1,3041.29708,67455.7073,95.8802,100,100,100,,100,5.5,0.02986,1.25197,1.18667,0.0653,,0,,,100,0.00361
ERICSSON,DTP,DTP016,LN-CBE002M-TGG,ENM13/LN-CBE002M-TGG/12,4G-CBE002M12-TGG,CELL,10/01/2026 00:00,0,2881.85491,55841.72226,95.4732,100,99.96709,100,,99.82394,5.33333,0,0.94286,0.87717,0.06569,,0,,100,100,0.03833
ERICSSON,DTP,DTP016,LN-CBE002M-TGG,ENM13/LN-CBE002M-TGG/12,4G-CBE002M12-TGG,CELL,10/01/2026 21:00,21,2351.57536,58356.49739,97.3516,100,99.86514,93.75,,100,12.66667,0,4.07546,3.83822,0.23724,100,0,,100,100,0.12917
ERICSSON,DTP,DTP016,LN-CBE002M-TGG,ENM13/LN-CBE002M-TGG/12,4G-CBE002M12-TGG,CELL,10/01/2026 19:00,19,1660.3506,63341.82641,96.8148,100,99.92576,100,,99.84202,14.83333,0.05085,4.22993,4.00814,0.22179,,0,,100,100,0.38972
ERICSSON,DTP,DTP016,LN-CBE002M-TGG,ENM13/LN-CBE002M-TGG/12,4G-CBE002M12-TGG,CELL,10/01/2026 18:00,18,1669.97902,63228.06818,96.8124,100,99.95324,100,,98.66989,14.16667,0.10449,4.18568,3.72162,0.46406,,0,,100,100,0.3775
ERICSSON,DTP,DTP016,LN-CBE002M-TGG,ENM13/LN-CBE002M-TGG/12,4G-CBE002M12-TGG,CELL,10/01/2026 14:00,14,1654.75581,54721.0896,97.1852,100,99.78145,97.5,,99.29078,14.16667,0.06765,4.074,3.70245,0.37155,100,0,,100,100,0.40139
ERICSSON,DTP,DTP016,LN-CBE002M-TGG,ENM13/LN-CBE002M-TGG/12,4G-CBE002M12-TGG,CELL,10/01/2026 13:00,13,2281.19328,55825.72341,97.8362,100,99.66877,95.12195,,99.25865,17.33333,0.12573,4.84904,4.44296,0.40608,100,0,,100,100,0.32472
ERICSSON,DTP,DTP016,LN-CBE002M-TGG,ENM13/LN-CBE002M-TGG/12,4G-CBE002M12-TGG,CELL,10/01/2026 08:00,8,5539.9127,55311.37875,97.2663,100,99.92961,94.8052,,99.91266,13.66667,0.1401,3.93573,3.50418,0.43155,100,0,,100,100,0.80444
ERICSSON,DTP,DTP016,LN-CBE002M-TGG,ENM13/LN-CBE002M-TGG/12,4G-CBE002M12-TGG,CELL,10/01/2026 09:00,9,3050.48161,53270.79095,96.8118,100,99.88241,95.65217,,99.76209,18.16667,0.18075,5.16873,4.73349,0.43525,75,0,,97.36842,100,0.87333
ERICSSON,DTP,DTP016,LN-CBE002M-TGG,ENM13/LN-CBE002M-TGG/12,4G-CBE002M12-TGG,CELL,10/01/2026 07:00,7,2261.46083,63733.81922,96.7989,100,99.62312,74.57627,,99.88901,7.66667,0.02944,2.61104,2.35491,0.25613,100,0,,100,100,0.53194
ERICSSON,DTP,DTP016,LN-CBE002M-TGG,ENM13/LN-CBE002M-TGG/12,4G-CBE002M12-TGG,CELL,10/01/2026 06:00,6,5642.09241,62211.95139,97.4371,100,99.84202,94.5946,,99.87063,8.16667,0.01759,2.50925,2.18608,0.32316,100,0,,100,100,0.49
ERICSSON,DTP,DTP016,LN-CBE002M-TGG,ENM13/LN-CBE002M-TGG/12,4G-CBE002M12-TGG,CELL,10/01/2026 04:00,4,25821.08944,86377.68851,95.0492,100,99.77832,100,,100,5,0,0.92683,0.76053,0.1663,100,0,,100,100,0.10028
ERICSSON,DTP,DTP016,LN-CBE002M-TGG,ENM13/LN-CBE002M-TGG/12,4G-CBE002M12-TGG,CELL,10/01/2026 05:00,5,18509.80675,80047.29474,96.0244,100,99.89583,100,,99.04459,5,0.02347,0.96234,0.7924,0.16994,,0,,100,100,0.05361
ERICSSON,DTP,DTP016,LN-CBE002M-TGG,ENM13/LN-CBE002M-TGG/12,4G-CBE002M12-TGG,CELL,10/01/2026 03:00,3,3624.84448,83943.42529,94.2397,100,99.96138,85.71429,,99.36909,5.33333,0,1.09109,1.02237,0.06872,,0,,100,100,0.03444
ERICSSON,DTP,DTP016,LN-CBE002M-TGG,ENM13/LN-CBE002M-TGG/12,4G-CBE002M12-TGG,CELL,10/02/2026 05:00,5,2833.86096,67512.85659,97.7669,100,99.73948,100,,98.84393,5,0,0.8235,0.72118,0.10233,,0,,100,100,0.14306
ERICSSON,DTP,DTP016,LN-CBE002M-TGG,ENM13/LN-CBE002M-TGG/12,4G-CBE002M12-TGG,CELL,10/02/2026 16:00,16,1084.15989,42517.01846,97.1452,100,99.81859,95.74468,,98.57567,11.5,0.078,2.92477,2.62979,0.29498,100,0,,100,100,0.41361
ERICSSON,DTP,DTP016,LN-CBE002M-TGG,ENM13/LN-CBE002M-TGG/12,4G-CBE002M12-TGG,CELL,10/02/2026 15:00,15,2784.63498,54863.56779,97.367,100,99.95956,89.79592,,99.34037,12,0,3.35028,3.06314,0.28714,100,0,,100,100,0.48333
ERICSSON,DTP,DTP016,LN-CBE002M-TGG,ENM13/LN-CBE002M-TGG/12,4G-CBE002M12-TGG,CELL,10/02/2026 13:00,13,4395.75783,52124.40965,98.0914,100,99.89486,100,,99.44444,13.33333,0.05596,3.63368,3.32419,0.30949,100,0,,100,100,0.37417
ERICSSON,DTP,DTP016,LN-CBE002M-TGG,ENM13/LN-CBE002M-TGG/12,4G-CBE002M12-TGG,CELL,10/02/2026 09:00,9,4370.53738,75824.91542,97.5994,100,99.46524,77.27273,,99.38272,11,0.03111,3.72338,3.45313,0.27025,80,0,,95.83333,100,0.89361
ERICSSON,DTP,DTP016,LN-CBE002M-TGG,ENM13/LN-CBE002M-TGG/12,4G-CBE002M12-TGG,CELL,10/02/2026 07:00,7,2954.39544,66340.50435,97.7918,100,99.95846,100,,99.37041,8,0.03157,2.74267,2.45999,0.28268,100,0,,100,100,0.66556
ERICSSON,DTP,DTP016,LN-CBE002M-TGG,ENM13/LN-CBE002M-TGG/12,4G-CBE002M12-TGG,CELL,10/02/2026 14:00,14,3304.82111,55416.03781,98.0421,100,99.93216,60.78431,,99.11384,11.16667,0,3.12332,2.80711,0.3162,100,0,,100,100,0.59833
ERICSSON,DTP,DTP016,LN-CBE002M-TGG,ENM13/LN-CBE002M-TGG/12,4G-CBE002M12-TGG,CELL,10/02/2026 10:00,10,3822.64603,71038.07472,98.0223,100,99.80557,100,,99.84215,16.5,0.03085,5.56313,5.26253,0.3006,100,0,,100,100,0.4775
ERICSSON,DTP,DTP016,LN-CBE002M-TGG,ENM13/LN-CBE002M-TGG/12,4G-CBE002M12-TGG,CELL,10/02/2026 18:00,18,965.52919,59514.72988,97.7755,100,99.85884,95.45455,,99.58814,13.83333,0,4.5238,4.03783,0.48597,100,0,,100,100,0.40444
ERICSSON,DTP,DTP016,LN-CBE002M-TGG,ENM13/LN-CBE002M-TGG/12,4G-CBE002M12-TGG,CELL,10/02/2026 19:00,19,1110.8627,60986.2395,97.8318,100,99.87395,95.45455,,99.8773,10.66667,0.10899,2.99249,2.74505,0.24744,,0,,100,100,0.18583
ERICSSON,DTP,DTP016,LN-CBE002M-TGG,ENM13/LN-CBE002M-TGG/12,4G-CBE002M12-TGG,CELL,10/02/2026 06:00,6,2963.20022,56984.77886,98.5427,100,99.90886,96.9697,,99.77273,7.5,0.06669,1.99532,1.7668,0.22851,100,0,,100,100,0.5925
ERICSSON,DTP,DTP016,LN-CBE002M-TGG,ENM13/LN-CBE002M-TGG/12,4G-CBE002M12-TGG,CELL,10/02/2026 03:00,3,2093.64178,83500.46678,93.5589,100,99.95875,100,,100,5.33333,0,0.91355,0.86281,0.05073,,,,,,0
ERICSSON,DTP,DTP016,LN-CBE002M-TGG,ENM13/LN-CBE002M-TGG/12,4G-CBE002M12-TGG,CELL,10/02/2026 22:00,22,3162.00185,58101.05706,97.545,100,99.82147,100,,99.71388,10.83333,0.03212,3.39047,3.07456,0.31592,,0,,,100,0.10083
ERICSSON,DTP,DTP016,LN-CBE002M-TGG,ENM13/LN-CBE002M-TGG/12,4G-CBE002M12-TGG,CELL,10/02/2026 23:00,23,3931.80096,64262.23616,97.2041,100,95.04664,71.42857,,99.65278,8.5,0,2.66171,2.49796,0.16375,,0,,100,100,0.06917
ERICSSON,DTP,DTP016,LN-CBE002M-TGG,ENM13/LN-CBE002M-TGG/12,4G-CBE002M12-TGG,CELL,10/02/2026 00:00,0,5387.02638,62527.46363,95.1933,100,100,100,,99.78541,6.83333,0.07539,1.70707,1.60453,0.10255,,0,,,100,0.03083
ERICSSON,DTP,DTP016,LN-CBE002M-TGG,ENM13/LN-CBE002M-TGG/12,4G-CBE002M12-TGG,CELL,10/02/2026 21:00,21,4496.55383,57651.59981,98.232,100,99.88061,100,,100,9.66667,0.02715,2.79334,2.56708,0.22626,,0,,100,100,0.395
ERICSSON,DTP,DTP016,LN-CBE002M-TGG,ENM13/LN-CBE002M-TGG/12,4G-CBE002M12-TGG,CELL,10/02/2026 08:00,8,2356.01125,63328.49547,97.9425,100,99.89613,100,,99.30676,8.16667,0.05501,2.49371,2.23587,0.25784,100,0,,100,100,0.835
ERICSSON,DTP,DTP016,LN-CBE002M-TGG,ENM13/LN-CBE002M-TGG/12,4G-CBE002M12-TGG,CELL,10/02/2026 11:00,11,2120.17999,68751.74072,97.8836,100,99.86584,100,,98.72204,14.33333,0.0172,4.95455,4.64967,0.30488,100,0,,100,100,0.55556
ERICSSON,DTP,DTP016,LN-CBE002M-TGG,ENM13/LN-CBE002M-TGG/12,4G-CBE002M12-TGG,CELL,10/02/2026 17:00,17,806.04724,47077.6092,97.3872,100,99.87546,97.05882,,97.56428,14.5,0.03469,3.42166,3.18208,0.23958,,0,,100,100,0.3225
ERICSSON,DTP,DTP016,LN-CBE002M-TGG,ENM13/LN-CBE002M-TGG/12,4G-CBE002M12-TGG,CELL,10/02/2026 12:00,12,5990.26521,46229.17076,97.8326,96.55172,99.79404,100,,99.6038,9.5,0.0367,2.72961,2.44211,0.2875,,0,,100,100,0.51556
ERICSSON,DTP,DTP016,LN-CBE002M-TGG,ENM13/LN-CBE002M-TGG/12,4G-CBE002M12-TGG,CELL,10/02/2026 04:00,4,4686.57467,83345.38964,95.9798,100,99.84745,100,,99.2674,5,0.05924,0.81631,0.76291,0.05339,,0,,100,100,0.08167
ERICSSON,DTP,DTP016,LN-CBE002M-TGG,ENM13/LN-CBE002M-TGG/12,4G-CBE002M12-TGG,CELL,10/02/2026 02:00,2,2423.91716,88627.94737,91.5665,100,100,100,,99.69789,5.16667,0,0.78174,0.73259,0.04914,,0,,100,100,0.22194
ERICSSON,DTP,DTP016,LN-CBE002M-TGG,ENM13/LN-CBE002M-TGG/12,4G-CBE002M12-TGG,CELL,10/02/2026 01:00,1,1292.12426,50427.2983,94.5735,100,99.96495,70.58824,,99.78541,5.66667,0,0.85858,0.80081,0.05777,,0,,100,100,0.01333
ERICSSON,DTP,DTP016,LN-CBE002M-TGG,ENM13/LN-CBE002M-TGG/12,4G-CBE002M12-TGG,CELL,10/02/2026 20:00,20,3110.08019,55163.19577,97.6323,100,99.94402,89.47368,,99.6368,7,0,2.10753,1.91987,0.18766,,0,,100,100,0.21139
ERICSSON,DTP,DTP016,LN-CBE002M-TGG,ENM13/LN-CBE002M-TGG/12,4G-CBE002M12-TGG,CELL,10/03/2026 17:00,17,880.04616,49098.83774,97.6772,100,99.90029,96,,99.51456,13,0.01803,3.43544,3.10028,0.33516,,0,,100,100,0.55167
ERICSSON,DTP,DTP016,LN-CBE002M-TGG,ENM13/LN-CBE002M-TGG/12,4G-CBE002M12-TGG,CELL,10/03/2026 08:00,8,2127.48197,66428.22944,97.4009,100,99.968,94.11765,,99.75042,11.33333,0.02784,3.68215,3.35015,0.332,100,0,,100,100,0.74833
ERICSSON,DTP,DTP016,LN-CBE002M-TGG,ENM13/LN-CBE002M-TGG/12,4G-CBE002M12-TGG,CELL,10/03/2026 15:00,15,2933.73402,56185.4177,97.3299,100,99.83052,96.77419,,99.24585,15.33333,0.01626,4.4265,4.13977,0.28672,,0,,100,100,0.68167
ERICSSON,DTP,DTP016,LN-CBE002M-TGG,ENM13/LN-CBE002M-TGG/12,4G-CBE002M12-TGG,CELL,10/03/2026 20:00,20,3160.12801,58188.55306,97.198,100,99.74704,95.45455,,99.20213,12.66667,0.05148,3.84889,3.58835,0.26054,,0,,100,100,0.13361
ERICSSON,DTP,DTP016,LN-CBE002M-TGG,ENM13/LN-CBE002M-TGG/12,4G-CBE002M12-TGG,CELL,10/03/2026 23:00,23,3365.93584,71004.75541,96.8012,100,100,87.5,,100,5.5,0,1.04226,0.97301,0.06925,,0,,100,100,0.01417
ERICSSON,DTP,DTP016,LN-CBE002M-TGG,ENM13/LN-CBE002M-TGG/12,4G-CBE002M12-TGG,CELL,10/03/2026 14:00,14,4610.34573,59105.42732,97.5266,100,99.83491,95.45455,,99.48339,12.66667,0.03325,3.91604,3.6545,0.26154,100,0,,100,100,0.5775
ERICSSON,DTP,DTP016,LN-CBE002M-TGG,ENM13/LN-CBE002M-TGG/12,4G-CBE002M12-TGG,CELL,10/03/2026 04:00,4,5488.73759,67339.90234,98.3109,100,99.91843,100,,100,5.16667,0,0.81265,0.73876,0.07389,,0,,100,100,0.16806
ERICSSON,DTP,DTP016,LN-CBE002M-TGG,ENM13/LN-CBE002M-TGG/12,4G-CBE002M12-TGG,CELL,10/03/2026 06:00,6,3845.88341,68372.72761,98.4931,100,99.92708,100,,99.83897,5.33333,0.03361,1.58369,1.36286,0.22083,,0,,100,100,1.00583
ERICSSON,DTP,DTP016,LN-CBE002M-TGG,ENM13/LN-CBE002M-TGG/12,4G-CBE002M12-TGG,CELL,10/03/2026 10:00,10,2265.53396,68263.18557,97.2919,100,99.88054,97.91667,,99.76153,14.33333,0.02944,4.64969,4.23711,0.41259,50,0,,94.73684,100,0.45722
ERICSSON,DTP,DTP016,LN-CBE002M-TGG,ENM13/LN-CBE002M-TGG/12,4G-CBE002M12-TGG,CELL,10/03/2026 02:00,2,2241.84057,56149.69244,97.3946,100,100,96.15385,,100,5.83333,0.03197,1.16241,1.06717,0.09523,,,,,,0
ERICSSON,DTP,DTP016,LN-CBE002M-TGG,ENM13/LN-CBE002M-TGG/12,4G-CBE002M12-TGG,CELL,10/03/2026 13:00,13,4062.67058,56745.25367,98.316,100,99.84105,93.61702,,99.78933,15,0.09909,4.50243,4.17202,0.33041,100,0,,100,100,0.5325
ERICSSON,DTP,DTP016,LN-CBE002M-TGG,ENM13/LN-CBE002M-TGG/12,4G-CBE002M12-TGG,CELL,10/03/2026 18:00,18,2777.07556,55330.09093,97.6477,100,99.94685,95.83333,,99.36421,11,0.04109,3.12067,2.82396,0.29671,,0,,100,100,0.59389
ERICSSON,DTP,DTP016,LN-CBE002M-TGG,ENM13/LN-CBE002M-TGG/12,4G-CBE002M12-TGG,CELL,10/03/2026 16:00,16,3981.47139,60892.55836,97.0232,100,99.96558,72,,99.77307,9.16667,0,2.62835,2.38027,0.24808,100,0,,100,100,0.40917
ERICSSON,DTP,DTP016,LN-CBE002M-TGG,ENM13/LN-CBE002M-TGG/12,4G-CBE002M12-TGG,CELL,10/03/2026 11:00,11,1241.49012,55163.09829,97.2763,100,99.89727,97.91667,,99.51691,16.5,0.0555,4.88355,4.52146,0.36209,100,0,,100,100,0.62667
ERICSSON,DTP,DTP016,LN-CBE002M-TGG,ENM13/LN-CBE002M-TGG/12,4G-CBE002M12-TGG,CELL,10/03/2026 09:00,9,1936.15125,65568.66181,97.2783,100,99.9859,100,,99.1342,11.5,0.02903,3.5469,3.22667,0.32023,100,0,,100,100,0.84806
ERICSSON,DTP,DTP016,LN-CBE002M-TGG,ENM13/LN-CBE002M-TGG/12,4G-CBE002M12-TGG,CELL,10/03/2026 01:00,1,15437.09654,47629.10872,96.8152,100,99.63384,100,,99.15493,7,0,1.7248,1.46952,0.25527,,0,,100,100,0.00722
ERICSSON,DTP,DTP016,LN-CBE002M-TGG,ENM13/LN-CBE002M-TGG/12,4G-CBE002M12-TGG,CELL,10/03/2026 12:00,12,2137.64288,57625.26036,97.5456,100,99.85379,100,,99.68534,13.83333,0.03116,3.99446,3.6332,0.36126,,0,,100,100,0.38444
ERICSSON,DTP,DTP016,LN-CBE002M-TGG,ENM13/LN-CBE002M-TGG/12,4G-CBE002M12-TGG,CELL,10/03/2026 07:00,7,2037.61881,60861.73777,98.3128,100,99.84438,97.95918,,99.68619,6.16667,0.02787,1.66712,1.48958,0.17754,66.66667,0,,96.2963,100,0.61611
ERICSSON,DTP,DTP016,LN-CBE002M-TGG,ENM13/LN-CBE002M-TGG/12,4G-CBE002M12-TGG,CELL,10/03/2026 03:00,3,2984.61634,84050.22188,98.7133,100,99.93704,100,,100,5.5,0.02889,2.15393,2.03613,0.1178,,0,,100,100,0.07167
ERICSSON,DTP,DTP016,LN-CBE002M-TGG,ENM13/LN-CBE002M-TGG/12,4G-CBE002M12-TGG,CELL,10/03/2026 05:00,5,5576.8901,81005.21528,98.6269,100,99.89171,95,,100,5,0,0.82397,0.73312,0.09085,100,0,,100,100,0.64472
ERICSSON,DTP,DTP016,LN-CBE002M-TGG,ENM13/LN-CBE002M-TGG/12,4G-CBE002M12-TGG,CELL,10/03/2026 19:00,19,1463.33513,54734.96168,97.297,100,99.97067,95,,99.35401,12.16667,0.02365,3.47694,3.22079,0.25615,100,0,,100,100,0.24389
ERICSSON,DTP,DTP016,LN-CBE002M-TGG,ENM13/LN-CBE002M-TGG/12,4G-CBE002M12-TGG,CELL,10/03/2026 00:00,0,5390.95653,51249.21845,97.3489,,100,100,,99.87179,5.83333,0,1.54406,1.37036,0.1737,,0,,,,0
ERICSSON,DTP,DTP016,LN-CBE002M-TGG,ENM13/LN-CBE002M-TGG/12,4G-CBE002M12-TGG,CELL,10/03/2026 21:00,21,2562.88769,67023.08364,96.2283,100,99.91635,100,,100,8.5,0.0263,2.56534,2.39691,0.16843,,0,,100,100,0.54361
ERICSSON,DTP,DTP016,LN-CBE002M-TGG,ENM13/LN-CBE002M-TGG/12,4G-CBE002M12-TGG,CELL,10/03/2026 22:00,22,3373.07626,56716.73838,96.848,100,99.79719,100,,99.82847,6.83333,0,2.20839,1.94713,0.26127,,0,,100,100,0.39833
ERICSSON,DTP,DTP016,LN-CBE002M-TGG,ENM13/LN-CBE002M-TGG/12,4G-CBE002M12-TGG,CELL,10/04/2026 06:00,6,1200.50915,51133.8924,98.4016,100,99.98505,96.9697,,100,6.16667,0.03044,1.17281,1.02616,0.14665,100,0,,100,100,0.56694
ERICSSON,DTP,DTP016,LN-CBE002M-TGG,ENM13/LN-CBE002M-TGG/12,4G-CBE002M12-TGG,CELL,10/04/2026 07:00,7,2193.16633,66426.38197,98.278,100,99.90465,97.67442,,100,7,0.0832,2.40788,2.07406,0.33382,100,0,,100,100,0.48222
ERICSSON,DTP,DTP016,LN-CBE002M-TGG,ENM13/LN-CBE002M-TGG/12,4G-CBE002M12-TGG,CELL,10/04/2026 11:00,11,9563.54253,66610.06776,97.7631,100,99.95084,96.875,,99.91857,14.66667,0.02978,5.07113,4.65903,0.41211,100,0,,100,100,0.53111
ERICSSON,DTP,DTP016,LN-CBE002M-TGG,ENM13/LN-CBE002M-TGG/12,4G-CBE002M12-TGG,CELL,10/04/2026 09:00,9,1314.26256,56073.04859,97.7044,100,99.95258,97.67442,,99.37778,9.83333,0.02563,2.65853,2.39341,0.26512,100,0,,100,100,0.58167
ERICSSON,DTP,DTP016,LN-CBE002M-TGG,ENM13/LN-CBE002M-TGG/12,4G-CBE002M12-TGG,CELL,10/04/2026 16:00,16,1673.33032,56466.29293,97.6037,100,99.9595,100,,99.65636,16.16667,0.03137,5.2205,4.80329,0.41721,,0,,100,100,0.47139
ERICSSON,DTP,DTP016,LN-CBE002M-TGG,ENM13/LN-CBE002M-TGG/12,4G-CBE002M12-TGG,CELL,10/04/2026 05:00,5,1371.77109,72025.86937,98.3709,100,100,100,,100,5.16667,0,0.67303,0.58757,0.08546,,0,,100,100,0.57417
ERICSSON,DTP,DTP016,LN-CBE002M-TGG,ENM13/LN-CBE002M-TGG/12,4G-CBE002M12-TGG,CELL,10/04/2026 18:00,18,1023.24388,68726.64327,98.0102,100,99.95768,96.42857,,99.59555,14.16667,0.06645,4.47614,4.20769,0.26845,100,0,,100,100,0.20528
ERICSSON,DTP,DTP016,LN-CBE002M-TGG,ENM13/LN-CBE002M-TGG/12,4G-CBE002M12-TGG,CELL,10/04/2026 01:00,1,2481.3393,56507.61946,97.2563,100,100,100,,100,5.16667,0.03098,0.80702,0.74205,0.06497,,0,,100,100,0.03917
ERICSSON,DTP,DTP016,LN-CBE002M-TGG,ENM13/LN-CBE002M-TGG/12,4G-CBE002M12-TGG,CELL,10/04/2026 13:00,13,2799.11221,50717.76553,97.7439,100,99.98344,100,,99.53661,13.66667,0.03415,4.136,3.78417,0.35184,,0,,100,100,0.375
ERICSSON,DTP,DTP016,LN-CBE002M-TGG,ENM13/LN-CBE002M-TGG/12,4G-CBE002M12-TGG,CELL,10/04/2026 10:00,10,2762.14617,54131.33779,97.3984,100,99.91366,98.03922,,99.92266,11.33333,0.10664,3.11145,2.8702,0.24125,100,0,,100,100,0.77556
ERICSSON,DTP,DTP016,LN-CBE002M-TGG,ENM13/LN-CBE002M-TGG/12,4G-CBE002M12-TGG,CELL,10/04/2026 15:00,15,3790.07782,55067.34257,98.2225,100,99.94473,82.5,,99.52989,14.33333,0.15679,4.10433,3.79535,0.30898,100,0,,100,100,0.56528
ERICSSON,DTP,DTP016,LN-CBE002M-TGG,ENM13/LN-CBE002M-TGG/12,4G-CBE002M12-TGG,CELL,10/04/2026 04:00,4,1128.22075,79859.80375,98.4682,100,100,96,,99.65636,5.5,0.02593,1.0765,1.02274,0.05376,100,0,,100,100,0.07194
ERICSSON,DTP,DTP016,LN-CBE002M-TGG,ENM13/LN-CBE002M-TGG/12,4G-CBE002M12-TGG,CELL,10/04/2026 03:00,3,3250.16358,86099.18349,97.0167,100,99.69808,100,,100,5.5,0,1.12873,1.06625,0.06248,100,0,,100,100,0.03028
ERICSSON,DTP,DTP016,LN-CBE002M-TGG,ENM13/LN-CBE002M-TGG/12,4G-CBE002M12-TGG,CELL,10/04/2026 00:00,0,3066.47246,57154.47006,96.939,,100,50,,100,6.16667,0.03026,1.28795,1.20234,0.0856,,0,,100,100,0.02111
ERICSSON,DTP,DTP016,LN-CBE002M-TGG,ENM13/LN-CBE002M-TGG/12,4G-CBE002M12-TGG,CELL,10/04/2026 21:00,21,2718.08048,62753.01148,98.4298,100,99.91426,92.30769,,99.8494,8.16667,0,2.42707,2.22329,0.20378,,0,,100,100,0.08889
ERICSSON,DTP,DTP016,LN-CBE002M-TGG,ENM13/LN-CBE002M-TGG/12,4G-CBE002M12-TGG,CELL,10/04/2026 19:00,19,1551.96673,66401.96169,99.12,100,99.94102,94.11765,,99.59459,14.33333,0.02305,4.9308,4.48609,0.44471,100,0,,90,100,0.30417
ERICSSON,DTP,DTP016,LN-CBE002M-TGG,ENM13/LN-CBE002M-TGG/12,4G-CBE002M12-TGG,CELL,10/04/2026 14:00,14,4261.84254,54705.83638,98.23,100,99.96602,97.5,,99.54373,15.33333,0,4.36519,3.94701,0.41818,100,0,,100,100,0.50528
ERICSSON,DTP,DTP016,LN-CBE002M-TGG,ENM13/LN-CBE002M-TGG/12,4G-CBE002M12-TGG,CELL,10/04/2026 20:00,20,927.80746,61634.34228,98.8278,100,99.95198,92.85714,,99.70326,11.66667,0.04852,3.70289,3.44349,0.2594,,0,,100,100,0.51972
ERICSSON,DTP,DTP016,LN-CBE002M-TGG,ENM13/LN-CBE002M-TGG/12,4G-CBE002M12-TGG,CELL,10/04/2026 08:00,8,1541.36304,62890.01082,97.8009,100,99.89966,85.9375,,99.12768,13.66667,0.06509,3.98684,3.51813,0.46871,75,0,,98.48485,100,1.22444
ERICSSON,DTP,DTP016,LN-CBE002M-TGG,ENM13/LN-CBE002M-TGG/12,4G-CBE002M12-TGG,CELL,10/04/2026 17:00,17,1773.37142,62122.56478,98.3999,100,99.98418,100,,99.67427,16,0.06535,4.94808,4.5195,0.42858,100,0,,100,100,0.53056
ERICSSON,DTP,DTP016,LN-CBE002M-TGG,ENM13/LN-CBE002M-TGG/12,4G-CBE002M12-TGG,CELL,10/04/2026 02:00,2,6439.13944,64561.03667,97.1282,100,99.85856,80,,100,5.5,0,0.6267,0.57342,0.05328,,,,100,100,0.00111
ERICSSON,DTP,DTP016,LN-CBE002M-TGG,ENM13/LN-CBE002M-TGG/12,4G-CBE002M12-TGG,CELL,10/04/2026 23:00,23,2313.10376,77287.68308,96.609,,100,93.75,,99.78118,7,0,1.63937,1.56435,0.07502,,0,,100,100,0.00444
ERICSSON,DTP,DTP016,LN-CBE002M-TGG,ENM13/LN-CBE002M-TGG/12,4G-CBE002M12-TGG,CELL,10/04/2026 22:00,22,5115.64866,70197.28591,97.5754,,100,100,,99.80507,6.33333,0,1.62265,1.48726,0.13539,,0,,100,100,0.01
ERICSSON,DTP,DTP016,LN-CBE002M-TGG,ENM13/LN-CBE002M-TGG/12,4G-CBE002M12-TGG,CELL,10/04/2026 12:00,12,4291.28339,49891.80282,98.1175,100,99.86721,92.30769,,99.83485,16,0.03479,4.70196,4.34882,0.35314,100,0,,100,100,0.35028
ERICSSON,DTP,DTP016,LN-CBE002M-TGG,ENM13/LN-CBE002M-TGG/13,4G-CBE002M13-TGG,CELL,10/01/2026 20:00,20,2938.87166,53185.64342,96.5571,100,99.87469,100,,99.17241,6.33333,0,1.60353,1.45109,0.15243,100,0,,100,100,0.16028
ERICSSON,DTP,DTP016,LN-CBE002M-TGG,ENM13/LN-CBE002M-TGG/13,4G-CBE002M13-TGG,CELL,10/01/2026 22:00,22,4212.45014,55815.25595,96.2737,,99.67553,100,,99.48276,6,0,1.36748,1.28321,0.08427,,0,,100,100,0.03778
ERICSSON,DTP,DTP016,LN-CBE002M-TGG,ENM13/LN-CBE002M-TGG/13,4G-CBE002M13-TGG,CELL,10/01/2026 17:00,17,7451.00178,36366.50798,97.1652,100,99.9518,91.66667,,99.60412,10.33333,0.06079,2.33524,2.02797,0.30727,,0,,100,100,0.29917
ERICSSON,DTP,DTP016,LN-CBE002M-TGG,ENM13/LN-CBE002M-TGG/13,4G-CBE002M13-TGG,CELL,10/01/2026 23:00,23,3630.96511,55798.59052,95.4273,,99.78118,,,98.46827,5.66667,0.05721,0.80358,0.76664,0.03694,,0,,100,,0.04889
ERICSSON,DTP,DTP016,LN-CBE002M-TGG,ENM13/LN-CBE002M-TGG/13,4G-CBE002M13-TGG,CELL,10/01/2026 15:00,15,10083.29804,45089.56184,97.4262,100,99.94764,100,,99.71963,8,0.10896,1.95797,1.71647,0.2415,100,0,,100,100,0.32556
ERICSSON,DTP,DTP016,LN-CBE002M-TGG,ENM13/LN-CBE002M-TGG/13,4G-CBE002M13-TGG,CELL,10/01/2026 12:00,12,2219.82115,39963.89806,97.7518,100,99.86444,,,99.26063,12,0.2055,2.91403,2.57071,0.34333,,0,,100,100,0.24139
ERICSSON,DTP,DTP016,LN-CBE002M-TGG,ENM13/LN-CBE002M-TGG/13,4G-CBE002M13-TGG,CELL,10/01/2026 16:00,16,5630.17001,40295.87356,97.5854,100,99.86943,100,,99.6133,11.5,0.09093,2.82599,2.48886,0.33712,,0,,100,100,0.56861
ERICSSON,DTP,DTP016,LN-CBE002M-TGG,ENM13/LN-CBE002M-TGG/13,4G-CBE002M13-TGG,CELL,10/01/2026 11:00,11,5360.04181,39156.67067,97.527,100,99.94982,100,,99.48409,16.83333,0.08525,4.24256,3.86182,0.38075,,0,,100,100,0.56833
ERICSSON,DTP,DTP016,LN-CBE002M-TGG,ENM13/LN-CBE002M-TGG/13,4G-CBE002M13-TGG,CELL,10/01/2026 10:00,10,3844.53006,52242.85165,98.6178,100,99.94201,100,,99.05213,12.83333,0.05869,4.14804,3.64237,0.50567,,0,,93.33333,100,0.54
ERICSSON,DTP,DTP016,LN-CBE002M-TGG,ENM13/LN-CBE002M-TGG/13,4G-CBE002M13-TGG,CELL,10/01/2026 02:00,2,9422.8901,52628.09652,96.4561,,99.80219,,,100,5.33333,0.04623,0.43111,0.40263,0.02848,,,,100,100,0.00889
ERICSSON,DTP,DTP016,LN-CBE002M-TGG,ENM13/LN-CBE002M-TGG/13,4G-CBE002M13-TGG,CELL,10/01/2026 01:00,1,7228.16625,68167.23818,97.1979,100,99.85659,,,99.58159,5.66667,0.09246,0.97375,0.8815,0.09225,,,,,,0
ERICSSON,DTP,DTP016,LN-CBE002M-TGG,ENM13/LN-CBE002M-TGG/13,4G-CBE002M13-TGG,CELL,10/01/2026 00:00,0,5297.77992,53580.45608,96.6676,100,99.95059,,,99.35065,5.16667,0.08453,0.62343,0.57098,0.05245,,0,,100,100,0.03583
ERICSSON,DTP,DTP016,LN-CBE002M-TGG,ENM13/LN-CBE002M-TGG/13,4G-CBE002M13-TGG,CELL,10/01/2026 21:00,21,4071.9452,46128.54416,95.5522,100,99.8366,100,,99.64974,5.66667,0.04175,0.94406,0.86994,0.07413,,0,,100,100,0.02556
ERICSSON,DTP,DTP016,LN-CBE002M-TGG,ENM13/LN-CBE002M-TGG/13,4G-CBE002M13-TGG,CELL,10/01/2026 19:00,19,2293.60267,45474.73734,97.6219,100,99.83839,100,,99.15612,7.5,0.06889,1.885,1.51344,0.37157,,0,,100,100,0.30972
ERICSSON,DTP,DTP016,LN-CBE002M-TGG,ENM13/LN-CBE002M-TGG/13,4G-CBE002M13-TGG,CELL,10/01/2026 18:00,18,5851.47682,51580.16129,97.8511,100,99.91353,90.90909,,99.29364,9.33333,0.0261,2.65747,2.28376,0.37371,100,0,,100,100,0.38056
ERICSSON,DTP,DTP016,LN-CBE002M-TGG,ENM13/LN-CBE002M-TGG/13,4G-CBE002M13-TGG,CELL,10/01/2026 14:00,14,2236.74516,46791.74041,97.8062,100,99.92031,100,,99.84508,15.83333,0.04825,4.1498,3.9255,0.22431,,0,,100,100,0.4525
ERICSSON,DTP,DTP016,LN-CBE002M-TGG,ENM13/LN-CBE002M-TGG/13,4G-CBE002M13-TGG,CELL,10/01/2026 13:00,13,2715.73166,45675.04515,98.1462,100,99.88101,100,,99.7003,12.33333,0.11322,3.5531,3.16861,0.38449,,0,,100,100,0.32556
ERICSSON,DTP,DTP016,LN-CBE002M-TGG,ENM13/LN-CBE002M-TGG/13,4G-CBE002M13-TGG,CELL,10/01/2026 08:00,8,7705.14905,43603.88948,97.9738,100,99.92303,100,,99.27083,12.5,0.15627,3.44441,3.11882,0.32559,,0,,100,100,0.48472
ERICSSON,DTP,DTP016,LN-CBE002M-TGG,ENM13/LN-CBE002M-TGG/13,4G-CBE002M13-TGG,CELL,10/01/2026 09:00,9,7448.60227,43633.11739,98.2256,100,99.9371,100,,99.58592,14.33333,0.08569,3.93423,3.50938,0.42485,,0,,100,100,0.75056
ERICSSON,DTP,DTP016,LN-CBE002M-TGG,ENM13/LN-CBE002M-TGG/13,4G-CBE002M13-TGG,CELL,10/01/2026 07:00,7,4923.5557,51758.4124,98.1405,100,99.93131,100,,99.61783,7.5,0.07188,1.92274,1.7161,0.20664,,0,,100,100,0.35361
ERICSSON,DTP,DTP016,LN-CBE002M-TGG,ENM13/LN-CBE002M-TGG/13,4G-CBE002M13-TGG,CELL,10/01/2026 06:00,6,3075.84923,50891.5768,98.019,100,99.73439,100,,99.18809,6.66667,0.06135,1.2243,1.08136,0.14294,,0,,100,100,0.39694
ERICSSON,DTP,DTP016,LN-CBE002M-TGG,ENM13/LN-CBE002M-TGG/13,4G-CBE002M13-TGG,CELL,10/01/2026 04:00,4,1168.028,66924.23288,97.071,100,99.90435,,,99.54338,5,0.09447,0.15748,0.14012,0.01736,,,,100,,0
ERICSSON,DTP,DTP016,LN-CBE002M-TGG,ENM13/LN-CBE002M-TGG/13,4G-CBE002M13-TGG,CELL,10/01/2026 05:00,5,3169.02673,59176.47973,96.6598,,99.83339,100,,100,5,0,0.2487,0.2222,0.0265,100,0,,100,100,0.02444
ERICSSON,DTP,DTP016,LN-CBE002M-TGG,ENM13/LN-CBE002M-TGG/13,4G-CBE002M13-TGG,CELL,10/01/2026 03:00,3,5795.39576,53485.65025,96.0364,,99.55367,100,,98.6014,5,0,0.17853,0.1635,0.01503,,0,,100,100,0.01972
ERICSSON,DTP,DTP016,LN-CBE002M-TGG,ENM13/LN-CBE002M-TGG/13,4G-CBE002M13-TGG,CELL,10/02/2026 00:00,0,4252.20588,47811.13636,95.628,100,99.93777,,,99.20635,6.33333,0,0.99834,0.94476,0.05358,,0,,100,100,0.00083
ERICSSON,DTP,DTP016,LN-CBE002M-TGG,ENM13/LN-CBE002M-TGG/13,4G-CBE002M13-TGG,CELL,10/02/2026 15:00,15,3051.98662,59051.9716,97.7277,100,99.95956,100,,99.59812,12.66667,0.11601,3.68312,3.32603,0.35709,,0,,100,100,0.37111
ERICSSON,DTP,DTP016,LN-CBE002M-TGG,ENM13/LN-CBE002M-TGG/13,4G-CBE002M13-TGG,CELL,10/02/2026 03:00,3,1391.37872,54981.82793,95.7151,,99.93823,100,,99.13793,5,0,0.24156,0.22615,0.01541,,,,100,100,0.00167
ERICSSON,DTP,DTP016,LN-CBE002M-TGG,ENM13/LN-CBE002M-TGG/13,4G-CBE002M13-TGG,CELL,10/02/2026 22:00,22,5793.62294,50100.38016,97.2144,,99.94331,100,,98.16233,6.5,0,1.10728,1.0126,0.09468,,0,,100,100,0.01556
ERICSSON,DTP,DTP016,LN-CBE002M-TGG,ENM13/LN-CBE002M-TGG/13,4G-CBE002M13-TGG,CELL,10/02/2026 11:00,11,5309.56403,52986.66322,97.634,100,99.64681,100,,99.40273,11.66667,0.20153,3.04381,2.74178,0.30203,,0,,100,100,0.345
ERICSSON,DTP,DTP016,LN-CBE002M-TGG,ENM13/LN-CBE002M-TGG/13,4G-CBE002M13-TGG,CELL,10/02/2026 09:00,9,4400.63455,51160.80861,98.1274,100,99.95883,100,,99.49135,10.5,0.05139,2.85135,2.48282,0.36853,,0,,100,100,0.40639
ERICSSON,DTP,DTP016,LN-CBE002M-TGG,ENM13/LN-CBE002M-TGG/13,4G-CBE002M13-TGG,CELL,10/02/2026 16:00,16,3690.85629,47039.94134,97.5788,100,99.73206,100,,98.79427,13.83333,0.1151,3.35701,3.0195,0.3375,,0,,100,100,0.31139
ERICSSON,DTP,DTP016,LN-CBE002M-TGG,ENM13/LN-CBE002M-TGG/13,4G-CBE002M13-TGG,CELL,10/02/2026 07:00,7,4402.71359,57958.66796,98.5722,100,99.79529,100,,99.52774,8.83333,0.15453,2.71043,2.33331,0.37712,,0,,100,100,0.28444
ERICSSON,DTP,DTP016,LN-CBE002M-TGG,ENM13/LN-CBE002M-TGG/13,4G-CBE002M13-TGG,CELL,10/02/2026 23:00,23,13078.83393,77632.06553,97.0597,,99.84366,,,100,6,0,2.00603,1.90375,0.10228,,0,,100,100,0.0125
ERICSSON,DTP,DTP016,LN-CBE002M-TGG,ENM13/LN-CBE002M-TGG/13,4G-CBE002M13-TGG,CELL,10/02/2026 10:00,10,3239.9937,54316.09662,97.8026,100,99.88173,100,,99.51315,10.33333,0.09374,3.15413,2.62851,0.52562,,0,,100,100,0.29333
ERICSSON,DTP,DTP016,LN-CBE002M-TGG,ENM13/LN-CBE002M-TGG/13,4G-CBE002M13-TGG,CELL,10/02/2026 08:00,8,4839.51659,52637.24054,98.3012,100,99.9342,100,,99.21415,8,0.10426,1.94294,1.69549,0.24745,,0,,100,100,0.42194
ERICSSON,DTP,DTP016,LN-CBE002M-TGG,ENM13/LN-CBE002M-TGG/13,4G-CBE002M13-TGG,CELL,10/02/2026 12:00,12,6637.06853,59588.36109,97.5105,100,99.58364,100,,99.5098,11.66667,0.0813,3.07673,2.80586,0.27087,,0,,100,96.9697,0.24583
ERICSSON,DTP,DTP016,LN-CBE002M-TGG,ENM13/LN-CBE002M-TGG/13,4G-CBE002M13-TGG,CELL,10/02/2026 13:00,13,11511.0702,51200.78873,97.5999,100,99.95647,100,,99.38885,11.33333,0.04489,3.2201,2.81245,0.40764,,0,,100,100,0.38083
ERICSSON,DTP,DTP016,LN-CBE002M-TGG,ENM13/LN-CBE002M-TGG/13,4G-CBE002M13-TGG,CELL,10/02/2026 18:00,18,4325.68556,47568.3935,98.0997,100,99.70176,100,,99.60223,12.33333,0.05634,3.37745,3.00564,0.37181,,0,,100,100,0.18556
ERICSSON,DTP,DTP016,LN-CBE002M-TGG,ENM13/LN-CBE002M-TGG/13,4G-CBE002M13-TGG,CELL,10/02/2026 17:00,17,3777.18017,36013.56725,97.6276,100,99.94284,100,,98.45528,12.33333,0.05044,2.82563,2.5057,0.31993,,0,,100,100,0.23639
ERICSSON,DTP,DTP016,LN-CBE002M-TGG,ENM13/LN-CBE002M-TGG/13,4G-CBE002M13-TGG,CELL,10/02/2026 14:00,14,6115.32423,56437.47579,97.8851,100,99.9027,100,,99.21997,11.83333,0,3.5945,3.31622,0.27828,,0,,100,100,0.64167
ERICSSON,DTP,DTP016,LN-CBE002M-TGG,ENM13/LN-CBE002M-TGG/13,4G-CBE002M13-TGG,CELL,10/02/2026 06:00,6,5151.09938,64170.86295,97.7081,100,100,100,,99.39486,5.66667,0.11341,1.11438,0.99582,0.11855,,0,,100,100,0.18111
ERICSSON,DTP,DTP016,LN-CBE002M-TGG,ENM13/LN-CBE002M-TGG/13,4G-CBE002M13-TGG,CELL,10/02/2026 19:00,19,3934.57561,49846.29603,97.766,100,99.84525,,,99.5439,8.5,0.06319,2.3896,2.05078,0.33882,,0,,100,100,0.12722
ERICSSON,DTP,DTP016,LN-CBE002M-TGG,ENM13/LN-CBE002M-TGG/13,4G-CBE002M13-TGG,CELL,10/02/2026 20:00,20,5354.63219,58395.88555,97.483,100,99.64686,100,,99.41995,7.66667,0.03377,2.44212,2.20418,0.23794,,0,,100,100,0.19278
ERICSSON,DTP,DTP016,LN-CBE002M-TGG,ENM13/LN-CBE002M-TGG/13,4G-CBE002M13-TGG,CELL,10/02/2026 05:00,5,2642.53996,59344.35191,96.5994,100,99.89299,,,99.45055,5,0.05525,0.2914,0.27071,0.02069,,0,,100,100,0.08167
ERICSSON,DTP,DTP016,LN-CBE002M-TGG,ENM13/LN-CBE002M-TGG/13,4G-CBE002M13-TGG,CELL,10/02/2026 04:00,4,8684.69232,69877.8092,96.5482,,99.93511,100,,99.22179,5.5,0,0.48158,0.45832,0.02326,,0,,100,100,0.02861
ERICSSON,DTP,DTP016,LN-CBE002M-TGG,ENM13/LN-CBE002M-TGG/13,4G-CBE002M13-TGG,CELL,10/02/2026 21:00,21,3308.60371,54684.71152,96.7387,100,99.84798,,,99.68304,7,0.09713,1.43802,1.2815,0.15652,,0,,100,100,0.07
ERICSSON,DTP,DTP016,LN-CBE002M-TGG,ENM13/LN-CBE002M-TGG/13,4G-CBE002M13-TGG,CELL,10/02/2026 01:00,1,5635.23678,40481.51635,95.7776,,100,100,,100,5.66667,0,0.64232,0.60536,0.03696,,0,,100,,0.00306
ERICSSON,DTP,DTP016,LN-CBE002M-TGG,ENM13/LN-CBE002M-TGG/13,4G-CBE002M13-TGG,CELL,10/02/2026 02:00,2,3920.35719,42193.81772,96.1162,,99.88031,,,99.13793,5.33333,0.0615,0.34722,0.32179,0.02543,,0,,100,100,0.02694
ERICSSON,DTP,DTP016,LN-CBE002M-TGG,ENM13/LN-CBE002M-TGG/13,4G-CBE002M13-TGG,CELL,10/03/2026 16:00,16,9784.37181,41001.98595,97.1034,100,99.79232,100,,99.20983,7.66667,0.05626,1.72014,1.43945,0.28069,,0,,100,100,0.31889
ERICSSON,DTP,DTP016,LN-CBE002M-TGG,ENM13/LN-CBE002M-TGG/13,4G-CBE002M13-TGG,CELL,10/03/2026 17:00,17,6473.3083,46260.46892,96.706,100,99.82383,100,,99.67267,11.5,0.19183,3.3729,3.0581,0.31481,,0,,100,100,0.32111
ERICSSON,DTP,DTP016,LN-CBE002M-TGG,ENM13/LN-CBE002M-TGG/13,4G-CBE002M13-TGG,CELL,10/03/2026 03:00,3,2574.27056,48569.50985,96.3342,,99.85286,,,99.74811,5,0,0.21408,0.20114,0.01293,,0,,,,0.00444
ERICSSON,DTP,DTP016,LN-CBE002M-TGG,ENM13/LN-CBE002M-TGG/13,4G-CBE002M13-TGG,CELL,10/03/2026 09:00,9,13613.01123,55309.07256,97.5084,100,99.95301,100,,99.45405,9.66667,0.12225,2.55532,2.17295,0.38237,,0,,100,100,0.415
ERICSSON,DTP,DTP016,LN-CBE002M-TGG,ENM13/LN-CBE002M-TGG/13,4G-CBE002M13-TGG,CELL,10/03/2026 19:00,19,5308.98873,44675.88303,97.7784,100,100,,,99.64623,9.16667,0,2.2612,1.84931,0.41189,,0,,100,100,0.03917
ERICSSON,DTP,DTP016,LN-CBE002M-TGG,ENM13/LN-CBE002M-TGG/13,4G-CBE002M13-TGG,CELL,10/03/2026 12:00,12,2378.99289,40658.73802,96.7895,100,99.92666,88.88889,,99.63996,6.5,0.05851,1.345,1.11498,0.23002,100,0,,100,100,0.4725
ERICSSON,DTP,DTP016,LN-CBE002M-TGG,ENM13/LN-CBE002M-TGG/13,4G-CBE002M13-TGG,CELL,10/03/2026 06:00,6,5181.60535,68533.69022,97.725,100,100,,,99.53988,7.5,0.03439,2.03576,1.89332,0.14243,,0,,100,100,0.21
ERICSSON,DTP,DTP016,LN-CBE002M-TGG,ENM13/LN-CBE002M-TGG/13,4G-CBE002M13-TGG,CELL,10/03/2026 01:00,1,33170.85814,46496.15377,96.7531,,99.93041,100,,100,5.33333,0.06013,0.62789,0.4701,0.15779,,,,100,100,0.00389
ERICSSON,DTP,DTP016,LN-CBE002M-TGG,ENM13/LN-CBE002M-TGG/13,4G-CBE002M13-TGG,CELL,10/03/2026 10:00,10,5639.55631,48588.02276,96.5067,100,99.80347,100,,99.70559,8.16667,0.02928,2.01157,1.80014,0.21144,,0,,100,100,0.39861
ERICSSON,DTP,DTP016,LN-CBE002M-TGG,ENM13/LN-CBE002M-TGG/13,4G-CBE002M13-TGG,CELL,10/03/2026 05:00,5,3407.27903,70003.17129,97.0552,100,99.95136,100,,99.63235,5,0,0.37991,0.35089,0.02902,,0,,100,100,0.05028
ERICSSON,DTP,DTP016,LN-CBE002M-TGG,ENM13/LN-CBE002M-TGG/13,4G-CBE002M13-TGG,CELL,10/03/2026 14:00,14,9890.87913,40558.43326,96.483,100,99.84633,100,,99.73451,7,0,1.53509,1.37637,0.15872,100,0,,100,100,0.17806
ERICSSON,DTP,DTP016,LN-CBE002M-TGG,ENM13/LN-CBE002M-TGG/13,4G-CBE002M13-TGG,CELL,10/03/2026 15:00,15,3475.7049,38876.99907,96.5254,100,99.92078,100,,99.66188,10.33333,0.07891,2.38187,2.15084,0.23103,,0,,100,100,0.30028
ERICSSON,DTP,DTP016,LN-CBE002M-TGG,ENM13/LN-CBE002M-TGG/13,4G-CBE002M13-TGG,CELL,10/03/2026 23:00,23,3711.61554,55083.50858,96.1946,100,99.93888,100,,99.55157,6.5,0,1.51611,1.42848,0.08763,,,,100,100,0.00639
ERICSSON,DTP,DTP016,LN-CBE002M-TGG,ENM13/LN-CBE002M-TGG/13,4G-CBE002M13-TGG,CELL,10/03/2026 21:00,21,3446.12066,51305.99834,97.4252,100,99.88511,100,,99.57627,9.16667,0.03638,2.17106,2.02053,0.15054,,0,,100,100,0.05056
ERICSSON,DTP,DTP016,LN-CBE002M-TGG,ENM13/LN-CBE002M-TGG/13,4G-CBE002M13-TGG,CELL,10/03/2026 08:00,8,8326.76106,62709.50208,97.8608,100,99.90817,100,,99.36441,6.83333,0.06966,2.07766,1.65926,0.41839,,0,,100,100,0.45111
ERICSSON,DTP,DTP016,LN-CBE002M-TGG,ENM13/LN-CBE002M-TGG/13,4G-CBE002M13-TGG,CELL,10/03/2026 13:00,13,3987.19133,26859.21651,96.3064,100,99.86523,100,,98.80716,8.16667,0.02701,1.28823,1.1376,0.15062,,0,,100,100,0.33806
ERICSSON,DTP,DTP016,LN-CBE002M-TGG,ENM13/LN-CBE002M-TGG/13,4G-CBE002M13-TGG,CELL,10/03/2026 11:00,11,6478.16303,41371.42467,97.2064,100,99.4639,100,,99.83389,8.33333,0.2478,2.01725,1.70658,0.31067,,0,,100,100,0.23917
ERICSSON,DTP,DTP016,LN-CBE002M-TGG,ENM13/LN-CBE002M-TGG/13,4G-CBE002M13-TGG,CELL,10/03/2026 22:00,22,6015.694,42152.45282,96.9921,,99.76313,,,99.83108,6.5,0,1.39691,1.13181,0.26509,,0,,100,100,0.04306
ERICSSON,DTP,DTP016,LN-CBE002M-TGG,ENM13/LN-CBE002M-TGG/13,4G-CBE002M13-TGG,CELL,10/03/2026 04:00,4,3428.99408,75700.14918,97.28,,100,,,99.55157,5.16667,0,0.39229,0.37804,0.01425,,0,,,100,0
ERICSSON,DTP,DTP016,LN-CBE002M-TGG,ENM13/LN-CBE002M-TGG/13,4G-CBE002M13-TGG,CELL,10/03/2026 18:00,18,3003.74144,36521.47174,97.507,100,99.72244,100,,99.88987,13.33333,0,2.81805,2.53536,0.28268,,0,,100,100,0.15806
ERICSSON,DTP,DTP016,LN-CBE002M-TGG,ENM13/LN-CBE002M-TGG/13,4G-CBE002M13-TGG,CELL,10/03/2026 00:00,0,4585.00562,56744.97315,96.9556,100,99.93351,,,100,5,0.05845,0.67631,0.63743,0.03889,,0,,100,100,0.00139
ERICSSON,DTP,DTP016,LN-CBE002M-TGG,ENM13/LN-CBE002M-TGG/13,4G-CBE002M13-TGG,CELL,10/03/2026 20:00,20,3492.02105,65373.11533,97.7008,100,99.84961,100,,99.72067,6.33333,0.03647,1.94101,1.76281,0.1782,,0,,100,100,0.08167
ERICSSON,DTP,DTP016,LN-CBE002M-TGG,ENM13/LN-CBE002M-TGG/13,4G-CBE002M13-TGG,CELL,10/03/2026 02:00,2,2607.23192,41124.43434,96.7464,,99.81238,100,,100,5.33333,0.06297,0.36455,0.34439,0.02015,,0,,100,100,0.00806
ERICSSON,DTP,DTP016,LN-CBE002M-TGG,ENM13/LN-CBE002M-TGG/13,4G-CBE002M13-TGG,CELL,10/03/2026 07:00,7,4748.65455,52569.7648,97.9631,100,99.95852,100,,99.75758,5.16667,0.02124,0.95834,0.8181,0.14024,,0,,100,100,0.21222
ERICSSON,DTP,DTP016,LN-CBE002M-TGG,ENM13/LN-CBE002M-TGG/13,4G-CBE002M13-TGG,CELL,10/04/2026 13:00,13,4757.72593,38322.04858,96.6049,100,99.86141,100,,98.36381,8.33333,0.06491,1.91295,1.71904,0.19391,100,0,,100,100,0.14472
ERICSSON,DTP,DTP016,LN-CBE002M-TGG,ENM13/LN-CBE002M-TGG/13,4G-CBE002M13-TGG,CELL,10/04/2026 03:00,3,3085.58477,47662.77882,96.2622,,100,,,100,5.16667,0.04819,0.35831,0.34162,0.01668,,,,100,100,0.00056
ERICSSON,DTP,DTP016,LN-CBE002M-TGG,ENM13/LN-CBE002M-TGG/13,4G-CBE002M13-TGG,CELL,10/04/2026 23:00,23,3808.6644,53270.71508,97.2452,100,99.85775,,,99.82548,7.16667,0,1.83444,1.76034,0.0741,,,,100,100,0.00583
ERICSSON,DTP,DTP016,LN-CBE002M-TGG,ENM13/LN-CBE002M-TGG/13,4G-CBE002M13-TGG,CELL,10/04/2026 22:00,22,5022.9377,60962.11217,96.3983,100,99.89707,100,,100,5.16667,0,0.67715,0.59693,0.08022,,0,,100,100,0.01556
ERICSSON,DTP,DTP016,LN-CBE002M-TGG,ENM13/LN-CBE002M-TGG/13,4G-CBE002M13-TGG,CELL,10/04/2026 21:00,21,2187.72167,58154.75524,97.5784,100,99.92035,,,99.83819,7,0.07974,1.84108,1.60544,0.23564,,0,,100,100,0.0525
ERICSSON,DTP,DTP016,LN-CBE002M-TGG,ENM13/LN-CBE002M-TGG/13,4G-CBE002M13-TGG,CELL,10/04/2026 04:00,4,2728.72714,41750.05161,96.3511,,99.88796,,,99.57265,5.5,0,0.39408,0.37559,0.01849,,0,,100,100,0.03222
ERICSSON,DTP,DTP016,LN-CBE002M-TGG,ENM13/LN-CBE002M-TGG/13,4G-CBE002M13-TGG,CELL,10/04/2026 16:00,16,5825.04094,44654.38993,96.1926,100,99.87616,100,,99.14795,11.16667,0.02714,3.00805,2.715,0.29305,,0,,100,100,0.30944
ERICSSON,DTP,DTP016,LN-CBE002M-TGG,ENM13/LN-CBE002M-TGG/13,4G-CBE002M13-TGG,CELL,10/04/2026 10:00,10,3713.94726,48414.40805,96.7514,100,99.84384,100,,99.19355,12,0.08523,3.49305,3.13185,0.3612,,0,,100,100,0.28139
ERICSSON,DTP,DTP016,LN-CBE002M-TGG,ENM13/LN-CBE002M-TGG/13,4G-CBE002M13-TGG,CELL,10/04/2026 07:00,7,2418.0642,55106.12,97.5596,100,100,100,,100,7,0.0984,1.61354,1.39629,0.21725,,0,,100,100,0.19417
ERICSSON,DTP,DTP016,LN-CBE002M-TGG,ENM13/LN-CBE002M-TGG/13,4G-CBE002M13-TGG,CELL,10/04/2026 17:00,17,5095.77465,43734.21348,96.9814,100,99.70702,100,,99.4462,8,0.08939,1.80438,1.61596,0.18842,,0,,100,100,0.10389
ERICSSON,DTP,DTP016,LN-CBE002M-TGG,ENM13/LN-CBE002M-TGG/13,4G-CBE002M13-TGG,CELL,10/04/2026 11:00,11,6344.44229,51233.39942,96.3534,100,99.83574,75,,98.61831,10.83333,0.06714,3.43123,3.0551,0.37613,100,0,,100,100,0.21611
ERICSSON,DTP,DTP016,LN-CBE002M-TGG,ENM13/LN-CBE002M-TGG/13,4G-CBE002M13-TGG,CELL,10/04/2026 09:00,9,3270.23953,39408.57301,96.3379,100,99.86362,100,,99.11111,9.83333,0,2.22296,2.03067,0.19229,,0,,100,100,0.27778
ERICSSON,DTP,DTP016,LN-CBE002M-TGG,ENM13/LN-CBE002M-TGG/13,4G-CBE002M13-TGG,CELL,10/04/2026 20:00,20,2502.20476,45164.68582,97.7544,100,99.94919,100,,100,6.16667,0.08087,1.31788,1.05195,0.26593,,0,,100,100,0.06
ERICSSON,DTP,DTP016,LN-CBE002M-TGG,ENM13/LN-CBE002M-TGG/13,4G-CBE002M13-TGG,CELL,10/04/2026 02:00,2,6084.90623,51836.11626,95.2548,100,99.95272,100,,99.36306,5,0,0.30441,0.26893,0.03547,,,,100,,0.00417
ERICSSON,DTP,DTP016,LN-CBE002M-TGG,ENM13/LN-CBE002M-TGG/13,4G-CBE002M13-TGG,CELL,10/04/2026 05:00,5,3749.5807,47545.76348,96.7093,100,99.95723,100,,100,5,0,0.34889,0.32033,0.02857,,0,,100,100,0.03889
ERICSSON,DTP,DTP016,LN-CBE002M-TGG,ENM13/LN-CBE002M-TGG/13,4G-CBE002M13-TGG,CELL,10/04/2026 01:00,1,3432.65248,59659.56561,95.7585,100,99.8571,,,100,5,0.04367,0.44169,0.40944,0.03225,,0,,100,100,0.0225
ERICSSON,DTP,DTP016,LN-CBE002M-TGG,ENM13/LN-CBE002M-TGG/13,4G-CBE002M13-TGG,CELL,10/04/2026 19:00,19,4172.65842,51062.72707,96.9524,100,99.89053,100,,98.88268,7.5,0.06707,1.91968,1.75444,0.16523,,0,,100,100,0.13083
ERICSSON,DTP,DTP016,LN-CBE002M-TGG,ENM13/LN-CBE002M-TGG/13,4G-CBE002M13-TGG,CELL,10/04/2026 18:00,18,6224.65051,47262.89151,97.3754,100,99.91164,100,,99.49341,8,0.18287,1.72788,1.42744,0.30044,,0,,100,100,0.24667
ERICSSON,DTP,DTP016,LN-CBE002M-TGG,ENM13/LN-CBE002M-TGG/13,4G-CBE002M13-TGG,CELL,10/04/2026 12:00,12,11595.46399,43597.16865,96.101,100,99.89433,100,,99.53704,10,0,2.57881,2.26573,0.31309,,0,,100,100,0.1275
ERICSSON,DTP,DTP016,LN-CBE002M-TGG,ENM13/LN-CBE002M-TGG/13,4G-CBE002M13-TGG,CELL,10/04/2026 15:00,15,10484.74629,44434.67843,96.6604,100,99.85155,100,,99.6136,8.16667,0.02926,2.11269,1.8728,0.23989,100,0,,100,100,0.19583
ERICSSON,DTP,DTP016,LN-CBE002M-TGG,ENM13/LN-CBE002M-TGG/13,4G-CBE002M13-TGG,CELL,10/04/2026 00:00,0,5029.30072,49398.33242,96.2453,,99.85839,,,98.98734,6.83333,0.0447,1.12158,1.05525,0.06633,,0,,100,100,0.02028
ERICSSON,DTP,DTP016,LN-CBE002M-TGG,ENM13/LN-CBE002M-TGG/13,4G-CBE002M13-TGG,CELL,10/04/2026 06:00,6,4968.8716,66217.76099,97.0115,100,99.92692,100,,99.81982,6.5,0.06491,1.56335,1.41069,0.15266,,0,,100,100,0.16389
ERICSSON,DTP,DTP016,LN-CBE002M-TGG,ENM13/LN-CBE002M-TGG/13,4G-CBE002M13-TGG,CELL,10/04/2026 14:00,14,5014.04266,40359.40462,96.2349,100,99.88904,100,,99.13043,9.66667,0.06425,2.25334,2.06761,0.18572,100,0,,100,100,0.21111
ERICSSON,DTP,DTP016,LN-CBE002M-TGG,ENM13/LN-CBE002M-TGG/13,4G-CBE002M13-TGG,CELL,10/04/2026 08:00,8,4982.0005,49819.79294,95.5767,100,99.80698,100,,99.82379,8.33333,0.02392,2.12367,1.9075,0.21617,,0,,100,100,0.48111
ERICSSON,DTP,DTP016,LN-CBE002E-TGG,ENM13/LN-CBE002E-TGG/41,4G-CBE002M41-TGG,CELL,10/01/2026 22:00,22,2461.14865,16521.73801,95.3406,,99.69136,100,100,100,6.83333,0,0.2591,0.25366,0.00544,,,,,,0
ERICSSON,DTP,DTP016,LN-CBE002E-TGG,ENM13/LN-CBE002E-TGG/41,4G-CBE002M41-TGG,CELL,10/01/2026 17:00,17,952.67045,6850.78507,97.9805,100,99.72603,100,100,100,5.16667,0,0.03618,0.02744,0.00874,100,0,100,100,100,0.04194
ERICSSON,DTP,DTP016,LN-CBE002E-TGG,ENM13/LN-CBE002E-TGG/41,4G-CBE002M41-TGG,CELL,10/01/2026 20:00,20,2473.11335,10919.60859,89.7965,100,100,,100,100,6.83333,0,0.2858,0.27339,0.01241,,,,,,0
ERICSSON,DTP,DTP016,LN-CBE002E-TGG,ENM13/LN-CBE002E-TGG/41,4G-CBE002M41-TGG,CELL,10/01/2026 23:00,23,1238.01787,5391.22137,97.3342,,100,100,100,100,5,0,0.00119,0.00064,0.00056,,,,,,0
ERICSSON,DTP,DTP016,LN-CBE002E-TGG,ENM13/LN-CBE002E-TGG/41,4G-CBE002M41-TGG,CELL,10/01/2026 15:00,15,931.79663,7737.2699,86.5105,100,100,100,100,100,5.5,0,0.04463,0.03802,0.00661,,0,,100,100,0.02722
ERICSSON,DTP,DTP016,LN-CBE002E-TGG,ENM13/LN-CBE002E-TGG/41,4G-CBE002M41-TGG,CELL,10/01/2026 12:00,12,696.03405,7896.02768,95.5952,,100,,100,100,6.66667,0,0.1348,0.1305,0.0043,,0,,100,100,0.02028
ERICSSON,DTP,DTP016,LN-CBE002E-TGG,ENM13/LN-CBE002E-TGG/41,4G-CBE002M41-TGG,CELL,10/01/2026 16:00,16,899.20202,8534.01193,93.9194,,100,100,100,97.05882,6,0,0.09949,0.0955,0.00398,100,0,,100,100,0.05639
ERICSSON,DTP,DTP016,LN-CBE002E-TGG,ENM13/LN-CBE002E-TGG/41,4G-CBE002M41-TGG,CELL,10/01/2026 11:00,11,1034.24468,4543.21649,95.7093,100,99.77169,100,100,100,7.83333,0.19157,0.11908,0.09884,0.02024,,0,100,100,100,0.00278
ERICSSON,DTP,DTP016,LN-CBE002E-TGG,ENM13/LN-CBE002E-TGG/41,4G-CBE002M41-TGG,CELL,10/01/2026 10:00,10,1108.43124,3246.59062,94.8103,100,100,100,100,100,5.66667,0,0.02119,0.01615,0.00504,,0,100,100,100,0.03556
ERICSSON,DTP,DTP016,LN-CBE002E-TGG,ENM13/LN-CBE002E-TGG/41,4G-CBE002M41-TGG,CELL,10/01/2026 02:00,2,890.60598,6728.61621,97.6449,,99.57265,,100,100,5,0,0.00723,0.00216,0.00507,,,,100,100,0.0025
ERICSSON,DTP,DTP016,LN-CBE002E-TGG,ENM13/LN-CBE002E-TGG/41,4G-CBE002M41-TGG,CELL,10/01/2026 01:00,1,1076.95606,6432.247,97.2874,,100,,100,100,5,0,0.00448,0.00089,0.00359,,0,,,,0.01556
ERICSSON,DTP,DTP016,LN-CBE002E-TGG,ENM13/LN-CBE002E-TGG/41,4G-CBE002M41-TGG,CELL,10/01/2026 00:00,0,1058.42397,7176.41052,95.402,,100,,100,100,5,0,0.01206,0.00379,0.00828,,,,,,0
ERICSSON,DTP,DTP016,LN-CBE002E-TGG,ENM13/LN-CBE002E-TGG/41,4G-CBE002M41-TGG,CELL,10/01/2026 21:00,21,2344.02542,12481.34269,94.4474,,100,,100,100,6.83333,0,0.22516,0.21152,0.01363,,,,,,0
ERICSSON,DTP,DTP016,LN-CBE002E-TGG,ENM13/LN-CBE002E-TGG/41,4G-CBE002M41-TGG,CELL,10/01/2026 19:00,19,2092.1459,10610.42502,87.7908,,100,100,100,100,6.66667,0,0.25045,0.2419,0.00855,,0,,,100,0.00556
ERICSSON,DTP,DTP016,LN-CBE002E-TGG,ENM13/LN-CBE002E-TGG/41,4G-CBE002M41-TGG,CELL,10/01/2026 18:00,18,1433.49128,10515.66983,93.7065,100,99.68652,,100,100,6.16667,0,0.12127,0.10207,0.0192,,0,,100,100,0.03556
ERICSSON,DTP,DTP016,LN-CBE002E-TGG,ENM13/LN-CBE002E-TGG/41,4G-CBE002M41-TGG,CELL,10/01/2026 14:00,14,765.57323,6145.63647,89.0269,100,99.2823,,100,100,5.83333,0,0.0739,0.06069,0.01321,,0,100,100,100,0.03306
ERICSSON,DTP,DTP016,LN-CBE002E-TGG,ENM13/LN-CBE002E-TGG/41,4G-CBE002M41-TGG,CELL,10/01/2026 13:00,13,1180.22008,6289.00878,93.4734,100,100,100,100,100,5.16667,0,0.03912,0.03636,0.00277,,0,,,,0.00639
ERICSSON,DTP,DTP016,LN-CBE002E-TGG,ENM13/LN-CBE002E-TGG/41,4G-CBE002M41-TGG,CELL,10/01/2026 08:00,8,174.32531,6054.05529,98.529,100,99.39577,,100,100,6,0,0.07093,0.06558,0.00535,,0,,100,100,0.0175
ERICSSON,DTP,DTP016,LN-CBE002E-TGG,ENM13/LN-CBE002E-TGG/41,4G-CBE002M41-TGG,CELL,10/01/2026 09:00,9,618.37838,7324.12752,97.3229,100,100,,100,100,5.16667,0,0.01413,0.01181,0.00231,,0,,100,100,0.04389
ERICSSON,DTP,DTP016,LN-CBE002E-TGG,ENM13/LN-CBE002E-TGG/41,4G-CBE002M41-TGG,CELL,10/01/2026 07:00,7,930.19208,8487.53529,98.9691,100,100,,100,100,5.33333,0.2445,0.03268,0.02718,0.0055,,0,100,,,0.01667
ERICSSON,DTP,DTP016,LN-CBE002E-TGG,ENM13/LN-CBE002E-TGG/41,4G-CBE002M41-TGG,CELL,10/01/2026 06:00,6,489.58165,7402.78797,97.3182,100,100,100,100,100,5,0,0.00404,0.00254,0.00151,,0,,100,100,0.05722
ERICSSON,DTP,DTP016,LN-CBE002E-TGG,ENM13/LN-CBE002E-TGG/41,4G-CBE002M41-TGG,CELL,10/01/2026 04:00,4,977.66072,8916.93291,98.9644,,100,,100,100,5,0.42017,0.00369,0.00061,0.00307,,,,,,0
ERICSSON,DTP,DTP016,LN-CBE002E-TGG,ENM13/LN-CBE002E-TGG/41,4G-CBE002M41-TGG,CELL,10/01/2026 05:00,5,1117.15844,7768.29876,97.7133,100,98.23208,,100,100,5,0,0.01014,0.00732,0.00282,,0,,100,100,0.07639
ERICSSON,DTP,DTP016,LN-CBE002E-TGG,ENM13/LN-CBE002E-TGG/41,4G-CBE002M41-TGG,CELL,10/01/2026 03:00,3,921.35345,4711.11111,97.9903,,100,,100,100,5,0.29851,0.00548,0.00109,0.00439,,,,100,100,0.00333
ERICSSON,DTP,DTP016,LN-CBE002E-TGG,ENM13/LN-CBE002E-TGG/41,4G-CBE002M41-TGG,CELL,10/02/2026 20:00,20,1345.22166,5828.09582,94.4368,100,100,100,100,100,5.33333,0,0.01973,0.01498,0.00475,,0,,,100,0.03167
ERICSSON,DTP,DTP016,LN-CBE002E-TGG,ENM13/LN-CBE002E-TGG/41,4G-CBE002M41-TGG,CELL,10/02/2026 06:00,6,556.07603,7719.54485,98.7702,100,100,100,96.77419,100,5.33333,0,0.02612,0.02424,0.00188,100,0,,100,100,0.01667
ERICSSON,DTP,DTP016,LN-CBE002E-TGG,ENM13/LN-CBE002E-TGG/41,4G-CBE002M41-TGG,CELL,10/02/2026 14:00,14,925.58865,6042.90319,95.057,100,100,100,100,100,7.5,0,0.12704,0.10652,0.02052,100,0,100,100,100,0.1
ERICSSON,DTP,DTP016,LN-CBE002E-TGG,ENM13/LN-CBE002E-TGG/41,4G-CBE002M41-TGG,CELL,10/02/2026 07:00,7,815.52645,5930.62149,97.9805,100,100,100,100,100,5.33333,0,0.01734,0.01459,0.00275,,0,,100,100,0.04639
ERICSSON,DTP,DTP016,LN-CBE002E-TGG,ENM13/LN-CBE002E-TGG/41,4G-CBE002M41-TGG,CELL,10/02/2026 02:00,2,2665.41442,11774.50036,95.7985,100,100,,100,100,5.33333,0.38168,0.06767,0.06335,0.00432,,,,,,0
ERICSSON,DTP,DTP016,LN-CBE002E-TGG,ENM13/LN-CBE002E-TGG/41,4G-CBE002M41-TGG,CELL,10/02/2026 05:00,5,833.88484,7065.3854,98.4092,100,100,100,100,93.75,5.16667,0,0.00973,0.00878,0.00094,,,,,,0
ERICSSON,DTP,DTP016,LN-CBE002E-TGG,ENM13/LN-CBE002E-TGG/41,4G-CBE002M41-TGG,CELL,10/02/2026 11:00,11,1241.62837,7885.60192,97.497,100,100,100,100,97.77778,5.33333,0,0.04553,0.04133,0.0042,,0,,100,100,0.04194
ERICSSON,DTP,DTP016,LN-CBE002E-TGG,ENM13/LN-CBE002E-TGG/41,4G-CBE002M41-TGG,CELL,10/02/2026 19:00,19,1221.94446,10117.04835,95.6193,,100,100,100,100,5.16667,0,0.02333,0.01359,0.00974,,,,,,0
ERICSSON,DTP,DTP016,LN-CBE002E-TGG,ENM13/LN-CBE002E-TGG/41,4G-CBE002M41-TGG,CELL,10/02/2026 01:00,1,1502.53623,15689.23328,96.6391,,99.6109,,100,100,5,0,0.00592,0.00327,0.00264,,,,,,0
ERICSSON,DTP,DTP016,LN-CBE002E-TGG,ENM13/LN-CBE002E-TGG/41,4G-CBE002M41-TGG,CELL,10/02/2026 08:00,8,408.08081,6006.21205,98.0646,100,100,100,100,100,5.66667,0,0.05468,0.04876,0.00592,,0,,100,100,0.02444
ERICSSON,DTP,DTP016,LN-CBE002E-TGG,ENM13/LN-CBE002E-TGG/41,4G-CBE002M41-TGG,CELL,10/02/2026 12:00,12,616.28425,8744.33032,97.5687,100,99.72145,,100,100,5.16667,0,0.02571,0.0198,0.00591,,0,,,,0.00583
ERICSSON,DTP,DTP016,LN-CBE002E-TGG,ENM13/LN-CBE002E-TGG/41,4G-CBE002M41-TGG,CELL,10/02/2026 21:00,21,604.16069,8165.83933,94.0551,,100,100,100,100,5.5,0,0.03965,0.03515,0.0045,,,,,,0
ERICSSON,DTP,DTP016,LN-CBE002E-TGG,ENM13/LN-CBE002E-TGG/41,4G-CBE002M41-TGG,CELL,10/02/2026 22:00,22,273.55623,5319.18506,97.5263,,100,100,100,93.33333,5,0,0.00123,0.00066,0.00057,,,,,,0
ERICSSON,DTP,DTP016,LN-CBE002E-TGG,ENM13/LN-CBE002E-TGG/41,4G-CBE002M41-TGG,CELL,10/02/2026 18:00,18,1079.04815,7797.86115,96.1652,100,99.53684,,100,100,7.83333,0.16892,0.18262,0.17008,0.01254,,0,,100,100,0.07472
ERICSSON,DTP,DTP016,LN-CBE002E-TGG,ENM13/LN-CBE002E-TGG/41,4G-CBE002M41-TGG,CELL,10/02/2026 13:00,13,951.22202,7814.28408,96.7665,,99.38838,,100,100,5.16667,0,0.03118,0.02781,0.00337,,0,100,100,100,0.01861
ERICSSON,DTP,DTP016,LN-CBE002E-TGG,ENM13/LN-CBE002E-TGG/41,4G-CBE002M41-TGG,CELL,10/02/2026 15:00,15,1259.29943,6146.37009,92.6592,100,99.15966,,96.15385,100,5.5,0,0.03379,0.0287,0.00509,,0,,100,100,0.02111
ERICSSON,DTP,DTP016,LN-CBE002E-TGG,ENM13/LN-CBE002E-TGG/41,4G-CBE002M41-TGG,CELL,10/02/2026 17:00,17,2249.68948,9129.88067,95.5368,100,99.53073,100,100,97.5,8,0.17986,0.25085,0.2235,0.02735,,0,,100,100,0.01583
ERICSSON,DTP,DTP016,LN-CBE002E-TGG,ENM13/LN-CBE002E-TGG/41,4G-CBE002M41-TGG,CELL,10/02/2026 09:00,9,1417.38045,9855.65001,96.7914,100,99.41003,100,100,100,7.5,0,0.20526,0.17876,0.0265,,0,100,100,100,0.055
ERICSSON,DTP,DTP016,LN-CBE002E-TGG,ENM13/LN-CBE002E-TGG/41,4G-CBE002M41-TGG,CELL,10/02/2026 04:00,4,2345.81547,12093.14286,98.1863,100,97.98387,,100,100,5.16667,0,0.01359,0.01114,0.00245,,,,100,,0
ERICSSON,DTP,DTP016,LN-CBE002E-TGG,ENM13/LN-CBE002E-TGG/41,4G-CBE002M41-TGG,CELL,10/02/2026 10:00,10,1114.21211,9767.15153,97.5584,100,100,,100,100,5.33333,0,0.03775,0.0338,0.00396,,0,,,100,0.02722
ERICSSON,DTP,DTP016,LN-CBE002E-TGG,ENM13/LN-CBE002E-TGG/41,4G-CBE002M41-TGG,CELL,10/02/2026 23:00,23,175.77116,3786.43068,98.3799,,100,,100,100,5,0,0.00305,0.00198,0.00107,,,100,,,0.00444
ERICSSON,DTP,DTP016,LN-CBE002E-TGG,ENM13/LN-CBE002E-TGG/41,4G-CBE002M41-TGG,CELL,10/02/2026 03:00,3,630.73258,6203.69105,98.128,,100,,100,100,5,0,0.00413,0.00349,0.00064,,,,,,0
ERICSSON,DTP,DTP016,LN-CBE002E-TGG,ENM13/LN-CBE002E-TGG/41,4G-CBE002M41-TGG,CELL,10/02/2026 16:00,16,1483.05848,6477.53547,96.3572,100,100,100,100,100,5.5,0,0.0593,0.04692,0.01238,,,100,100,100,0.00278
ERICSSON,DTP,DTP016,LN-CBE002E-TGG,ENM13/LN-CBE002E-TGG/41,4G-CBE002M41-TGG,CELL,10/02/2026 00:00,0,494.75891,9731.39159,94.92,,100,,100,100,5,0,0.00092,0.00058,0.00033,,,,,,0
ERICSSON,DTP,DTP016,LN-CBE002E-TGG,ENM13/LN-CBE002E-TGG/41,4G-CBE002M41-TGG,CELL,10/03/2026 23:00,23,290.158,11586.8249,96.4637,,100,,100,100,5,0,0.00636,0.00593,0.00043,,,,,,0
ERICSSON,DTP,DTP016,LN-CBE002E-TGG,ENM13/LN-CBE002E-TGG/41,4G-CBE002M41-TGG,CELL,10/03/2026 20:00,20,709.64928,4917.89358,97.4625,100,100,,100,100,9.5,0,0.19942,0.18809,0.01133,,,,100,100,0.00389
ERICSSON,DTP,DTP016,LN-CBE002E-TGG,ENM13/LN-CBE002E-TGG/41,4G-CBE002M41-TGG,CELL,10/03/2026 21:00,21,454.44857,4206.26366,97.6342,,99.54338,,100,100,8.16667,0,0.1242,0.11404,0.01016,,0,,100,100,0.00389
ERICSSON,DTP,DTP016,LN-CBE002E-TGG,ENM13/LN-CBE002E-TGG/41,4G-CBE002M41-TGG,CELL,10/03/2026 12:00,12,722.19253,7942.06161,96.9298,100,100,100,100,100,7.83333,0.19194,0.18314,0.17388,0.00926,,0,,100,100,0.025
ERICSSON,DTP,DTP016,LN-CBE002E-TGG,ENM13/LN-CBE002E-TGG/41,4G-CBE002M41-TGG,CELL,10/03/2026 07:00,7,511.62652,4541.61131,98.1938,100,100,100,100,100,5.5,0,0.0213,0.0192,0.00211,,0,100,,100,0.02361
ERICSSON,DTP,DTP016,LN-CBE002E-TGG,ENM13/LN-CBE002E-TGG/41,4G-CBE002M41-TGG,CELL,10/03/2026 22:00,22,427.09313,6580.28255,98.4106,,100,,100,100,5,0,0.00641,0.00552,0.00089,,,,,,0
ERICSSON,DTP,DTP016,LN-CBE002E-TGG,ENM13/LN-CBE002E-TGG/41,4G-CBE002M41-TGG,CELL,10/03/2026 04:00,4,169.20646,11228.47682,96.2405,,100,,100,100,5,0,0.00606,0.00367,0.00239,,0,,,,0.01306
ERICSSON,DTP,DTP016,LN-CBE002E-TGG,ENM13/LN-CBE002E-TGG/41,4G-CBE002M41-TGG,CELL,10/03/2026 00:00,0,228.61341,4638.99868,97.4022,100,100,,100,100,5,0,0.00107,0.00058,0.00048,,,,,,0
ERICSSON,DTP,DTP016,LN-CBE002E-TGG,ENM13/LN-CBE002E-TGG/41,4G-CBE002M41-TGG,CELL,10/03/2026 18:00,18,1512.30479,8249.35184,96.24,100,100,,100,100,6.33333,0,0.11474,0.08069,0.03405,,0,100,100,100,0.08667
ERICSSON,DTP,DTP016,LN-CBE002E-TGG,ENM13/LN-CBE002E-TGG/41,4G-CBE002M41-TGG,CELL,10/03/2026 17:00,17,626.07793,6861.48391,94.5883,100,99.45735,,100,98.24561,5,0,0.02365,0.01829,0.00536,,0,100,100,100,0.01556
ERICSSON,DTP,DTP016,LN-CBE002E-TGG,ENM13/LN-CBE002E-TGG/41,4G-CBE002M41-TGG,CELL,10/03/2026 19:00,19,597.6697,8697.17944,92.3081,100,100,100,100,100,5.33333,0,0.04455,0.0385,0.00605,,,,,,0
ERICSSON,DTP,DTP016,LN-CBE002E-TGG,ENM13/LN-CBE002E-TGG/41,4G-CBE002M41-TGG,CELL,10/03/2026 02:00,2,522.47191,8410.68447,99.3079,,100,100,100,100,5,0,0.00087,0.00071,0.00016,,,,,,0
ERICSSON,DTP,DTP016,LN-CBE002E-TGG,ENM13/LN-CBE002E-TGG/41,4G-CBE002M41-TGG,CELL,10/03/2026 11:00,11,887.58117,5766.12388,96.8363,100,100,100,100,97.87234,6.16667,0,0.06304,0.05504,0.008,,0,,100,100,0.05917
ERICSSON,DTP,DTP016,LN-CBE002E-TGG,ENM13/LN-CBE002E-TGG/41,4G-CBE002M41-TGG,CELL,10/03/2026 13:00,13,370.1748,5289.64614,97.8997,,99.3921,100,97.36842,100,6.66667,0,0.09088,0.08111,0.00977,,0,,100,100,0.045
ERICSSON,DTP,DTP016,LN-CBE002E-TGG,ENM13/LN-CBE002E-TGG/41,4G-CBE002M41-TGG,CELL,10/03/2026 06:00,6,803.08219,6090.17202,98.4483,,100,,100,100,6.83333,0.45455,0.08069,0.07872,0.00197,,0,,,100,0.02083
ERICSSON,DTP,DTP016,LN-CBE002E-TGG,ENM13/LN-CBE002E-TGG/41,4G-CBE002M41-TGG,CELL,10/03/2026 08:00,8,1116.64563,6744.30207,97.9102,100,100,100,100,100,5.83333,0,0.0589,0.04402,0.01488,,0,,100,100,0.04639
ERICSSON,DTP,DTP016,LN-CBE002E-TGG,ENM13/LN-CBE002E-TGG/41,4G-CBE002M41-TGG,CELL,10/03/2026 09:00,9,561.10198,7190.72,97.6784,100,99.33311,100,100,100,5,0,0.00536,0.00374,0.00163,,0,100,100,100,0.04389
ERICSSON,DTP,DTP016,LN-CBE002E-TGG,ENM13/LN-CBE002E-TGG/41,4G-CBE002M41-TGG,CELL,10/03/2026 16:00,16,795.42037,6649.03426,97.1187,100,100,100,100,100,7,0,0.11937,0.11053,0.00884,,0,100,100,100,0.01667
ERICSSON,DTP,DTP016,LN-CBE002E-TGG,ENM13/LN-CBE002E-TGG/41,4G-CBE002M41-TGG,CELL,10/03/2026 15:00,15,898.9899,6339.65588,97.5654,100,99.80354,,100,100,5.16667,0,0.03637,0.03073,0.00563,,0,,100,100,0.01472
ERICSSON,DTP,DTP016,LN-CBE002E-TGG,ENM13/LN-CBE002E-TGG/41,4G-CBE002M41-TGG,CELL,10/03/2026 03:00,3,558.5168,8220.97378,99.5469,,100,,100,100,5,0,0.00135,0.0005,0.00086,,,,100,100,0
ERICSSON,DTP,DTP016,LN-CBE002E-TGG,ENM13/LN-CBE002E-TGG/41,4G-CBE002M41-TGG,CELL,10/03/2026 01:00,1,193.62319,8326.44628,96.0525,,100,,100,,5,0,0.00098,0.0008,0.00018,,,,,,0
ERICSSON,DTP,DTP016,LN-CBE002E-TGG,ENM13/LN-CBE002E-TGG/41,4G-CBE002M41-TGG,CELL,10/03/2026 05:00,5,777.25196,7363.949,98.7546,,100,,100,100,5.83333,0,0.06675,0.06362,0.00312,,,,,,0
ERICSSON,DTP,DTP016,LN-CBE002E-TGG,ENM13/LN-CBE002E-TGG/41,4G-CBE002M41-TGG,CELL,10/03/2026 10:00,10,576.98932,6250.54645,96.8177,,99.17815,,96.15385,100,5,0,0.00616,0.00392,0.00225,,0,,100,100,0.01417
ERICSSON,DTP,DTP016,LN-CBE002E-TGG,ENM13/LN-CBE002E-TGG/41,4G-CBE002M41-TGG,CELL,10/03/2026 14:00,14,1232.12945,5680.46026,97.0267,100,100,,98.36066,100,6.66667,0.18051,0.09886,0.0634,0.03547,,0,100,,100,0.06361
ERICSSON,DTP,DTP016,LN-CBE002E-TGG,ENM13/LN-CBE002E-TGG/41,4G-CBE002M41-TGG,CELL,10/04/2026 00:00,0,870.53868,9244.60048,97.0718,,100,,100,100,5.33333,0,0.04929,0.04705,0.00225,,0,,,100,0.02667
ERICSSON,DTP,DTP016,LN-CBE002E-TGG,ENM13/LN-CBE002E-TGG/41,4G-CBE002M41-TGG,CELL,10/04/2026 06:00,6,1025.25196,5386.57282,97.1322,100,100,,100,100,9,0,0.18657,0.17749,0.00909,,0,100,100,100,0.01611
ERICSSON,DTP,DTP016,LN-CBE002E-TGG,ENM13/LN-CBE002E-TGG/41,4G-CBE002M41-TGG,CELL,10/04/2026 02:00,2,283.59976,7230.28391,98.4334,,100,,100,100,5,0,0.0008,0.0005,0.0003,,0,,,100,0.0025
ERICSSON,DTP,DTP016,LN-CBE002E-TGG,ENM13/LN-CBE002E-TGG/41,4G-CBE002M41-TGG,CELL,10/04/2026 09:00,9,1414.1791,9971.4278,93.6889,100,100,100,100,100,5.5,0,0.05512,0.04802,0.0071,,0,100,100,100,0.0175
ERICSSON,DTP,DTP016,LN-CBE002E-TGG,ENM13/LN-CBE002E-TGG/41,4G-CBE002M41-TGG,CELL,10/04/2026 18:00,18,1150.29905,8131.66565,95.1056,,100,,100,100,21.33333,0,0.8894,0.86497,0.02444,,0,100,,100,0.00333
ERICSSON,DTP,DTP016,LN-CBE002E-TGG,ENM13/LN-CBE002E-TGG/41,4G-CBE002M41-TGG,CELL,10/04/2026 03:00,3,237.18462,7569.7965,98.4953,,100,,100,100,5,0,0.00372,0.00286,0.00086,,,,,,0
ERICSSON,DTP,DTP016,LN-CBE002E-TGG,ENM13/LN-CBE002E-TGG/41,4G-CBE002M41-TGG,CELL,10/04/2026 19:00,19,948.78689,6785.37129,91.6735,,99.7093,100,100,100,6.66667,0,0.1074,0.10273,0.00467,,0,,100,100,0.02667
ERICSSON,DTP,DTP016,LN-CBE002E-TGG,ENM13/LN-CBE002E-TGG/41,4G-CBE002M41-TGG,CELL,10/04/2026 13:00,13,765.98253,10968.53219,96.3413,100,100,,100,100,5,0,0.03197,0.02792,0.00405,,0,100,100,,0.00917
ERICSSON,DTP,DTP016,LN-CBE002E-TGG,ENM13/LN-CBE002E-TGG/41,4G-CBE002M41-TGG,CELL,10/04/2026 15:00,15,3883.82615,9236.02417,92.4744,100,100,,100,97.14286,9.16667,0,0.27944,0.25997,0.01947,,0,100,50,100,0.04361
ERICSSON,DTP,DTP016,LN-CBE002E-TGG,ENM13/LN-CBE002E-TGG/41,4G-CBE002M41-TGG,CELL,10/04/2026 08:00,8,1452.05931,7846.26178,95.9565,100,100,100,100,100,12.5,0,0.46774,0.4408,0.02694,,0,100,,100,0.01611
ERICSSON,DTP,DTP016,LN-CBE002E-TGG,ENM13/LN-CBE002E-TGG/41,4G-CBE002M41-TGG,CELL,10/04/2026 10:00,10,1449.47489,10681.86244,97.3258,100,99.77876,100,100,100,5.5,0,0.06883,0.06383,0.005,,,100,100,100,0.02139
ERICSSON,DTP,DTP016,LN-CBE002E-TGG,ENM13/LN-CBE002E-TGG/41,4G-CBE002M41-TGG,CELL,10/04/2026 05:00,5,882.51366,5207.92285,96.7933,100,100,,100,100,5.66667,0,0.02978,0.02794,0.00184,,,,100,,0.00056
ERICSSON,DTP,DTP016,LN-CBE002E-TGG,ENM13/LN-CBE002E-TGG/41,4G-CBE002M41-TGG,CELL,10/04/2026 01:00,1,227.20456,3735.73574,97.1827,,100,,100,100,5,0,0.00066,0.0003,0.00036,,,,,,0
ERICSSON,DTP,DTP016,LN-CBE002E-TGG,ENM13/LN-CBE002E-TGG/41,4G-CBE002M41-TGG,CELL,10/04/2026 07:00,7,1144.08584,8757.15025,97.3644,100,99.67427,100,100,100,5.33333,0,0.07211,0.05773,0.01437,,0,,100,100,0.01056
ERICSSON,DTP,DTP016,LN-CBE002E-TGG,ENM13/LN-CBE002E-TGG/41,4G-CBE002M41-TGG,CELL,10/04/2026 16:00,16,1116.60061,7170.06896,97.5958,100,99.65753,100,97.56098,100,5.16667,0,0.04362,0.03556,0.00805,,0,,100,100,0.0075
ERICSSON,DTP,DTP016,LN-CBE002E-TGG,ENM13/LN-CBE002E-TGG/41,4G-CBE002M41-TGG,CELL,10/04/2026 21:00,21,738.77632,5753.61903,98.8472,100,100,,100,100,5.16667,0,0.02626,0.01843,0.00783,,,,,,0
ERICSSON,DTP,DTP016,LN-CBE002E-TGG,ENM13/LN-CBE002E-TGG/41,4G-CBE002M41-TGG,CELL,10/04/2026 11:00,11,899.35349,5639.33365,99.0064,100,100,,100,100,5.33333,0,0.03,0.02654,0.00345,,0,,100,100,0.01583
ERICSSON,DTP,DTP016,LN-CBE002E-TGG,ENM13/LN-CBE002E-TGG/41,4G-CBE002M41-TGG,CELL,10/04/2026 23:00,23,1038.43026,4381.6088,98.2415,,100,,100,100,6,0,0.03552,0.03392,0.0016,,,,,,0
ERICSSON,DTP,DTP016,LN-CBE002E-TGG,ENM13/LN-CBE002E-TGG/41,4G-CBE002M41-TGG,CELL,10/04/2026 20:00,20,462.60464,5301.08901,97.473,,100,,100,100,5,0,0.01926,0.01575,0.00351,,,,,,0
ERICSSON,DTP,DTP016,LN-CBE002E-TGG,ENM13/LN-CBE002E-TGG/41,4G-CBE002M41-TGG,CELL,10/04/2026 14:00,14,1025.98054,5294.05697,97.3198,100,99.6,100,100,100,5.16667,0,0.01469,0.01217,0.00252,100,0,,100,100,0.0125
ERICSSON,DTP,DTP016,LN-CBE002E-TGG,ENM13/LN-CBE002E-TGG/41,4G-CBE002M41-TGG,CELL,10/04/2026 12:00,12,1151.22456,9057.15801,95.7359,100,100,100,100,97.36842,5.16667,0.16529,0.02229,0.01529,0.007,100,0,,100,100,0.10167
ERICSSON,DTP,DTP016,LN-CBE002E-TGG,ENM13/LN-CBE002E-TGG/41,4G-CBE002M41-TGG,CELL,10/04/2026 22:00,22,1016.08331,7157.32163,98.8223,,100,,100,100,5.16667,0,0.03468,0.02457,0.01011,,,,,,0
ERICSSON,DTP,DTP016,LN-CBE002E-TGG,ENM13/LN-CBE002E-TGG/41,4G-CBE002M41-TGG,CELL,10/04/2026 04:00,4,428.42519,6067.89927,98.4984,,100,,100,100,5,0,0.01156,0.00592,0.00564,,0,,,100,0.01806
ERICSSON,DTP,DTP016,LN-CBE002E-TGG,ENM13/LN-CBE002E-TGG/41,4G-CBE002M41-TGG,CELL,10/04/2026 17:00,17,594.45084,6142.69411,98.1641,,100,,97.22222,100,5.33333,0,0.02905,0.02158,0.00747,,0,100,,100,0.01861
ERICSSON,DTP,DTP016,LN-CBE002E-TGG,ENM13/LN-CBE002E-TGG/42,4G-CBE002M42-TGG,CELL,10/01/2026 20:00,20,2031.11947,14252.36645,97.8387,100,100,100,100,100,10.33333,0.09569,0.71714,0.55887,0.15828,,,,,,0
ERICSSON,DTP,DTP016,LN-CBE002E-TGG,ENM13/LN-CBE002E-TGG/42,4G-CBE002M42-TGG,CELL,10/01/2026 17:00,17,1663.66511,14860.07127,97.5895,100,99.8143,100,100,100,11.83333,0,0.73437,0.71785,0.01652,,0,100,,100,0.03389
ERICSSON,DTP,DTP016,LN-CBE002E-TGG,ENM13/LN-CBE002E-TGG/42,4G-CBE002M42-TGG,CELL,10/01/2026 22:00,22,1610.27987,12005.04612,99.1252,100,100,,100,100,12.83333,0,0.683,0.65421,0.02879,,,,,,0
ERICSSON,DTP,DTP016,LN-CBE002E-TGG,ENM13/LN-CBE002E-TGG/42,4G-CBE002M42-TGG,CELL,10/01/2026 23:00,23,1441.35657,9364.35021,98.6607,100,100,,100,100,12.33333,0,0.58466,0.54781,0.03685,,,,,,0
ERICSSON,DTP,DTP016,LN-CBE002E-TGG,ENM13/LN-CBE002E-TGG/42,4G-CBE002M42-TGG,CELL,10/01/2026 15:00,15,2308.76048,8059.69411,97.5841,100,100,,100,100,11.5,0.661,0.44101,0.418,0.02301,,0,100,100,100,0.08667
ERICSSON,DTP,DTP016,LN-CBE002E-TGG,ENM13/LN-CBE002E-TGG/42,4G-CBE002M42-TGG,CELL,10/01/2026 12:00,12,1897.355,12460.28821,99.0509,100,99.75217,100,100,100,10.5,0,0.54248,0.51975,0.02273,100,0,,100,100,0.10556
ERICSSON,DTP,DTP016,LN-CBE002E-TGG,ENM13/LN-CBE002E-TGG/42,4G-CBE002M42-TGG,CELL,10/01/2026 16:00,16,1916.92024,9941.64994,97.1641,100,100,,98.95833,100,6.5,0.26042,0.13573,0.12678,0.00895,,0,100,100,100,0.1575
ERICSSON,DTP,DTP016,LN-CBE002E-TGG,ENM13/LN-CBE002E-TGG/42,4G-CBE002M42-TGG,CELL,10/01/2026 11:00,11,2111.3854,8900.37739,98.7589,100,100,100,99.13043,100,24.5,0,1.37616,1.28255,0.09361,,0,,100,100,0.00833
ERICSSON,DTP,DTP016,LN-CBE002E-TGG,ENM13/LN-CBE002E-TGG/42,4G-CBE002M42-TGG,CELL,10/01/2026 10:00,10,3172.13156,9368.23757,98.3,100,99.76387,100,100,100,17.5,0.11976,0.98734,0.93587,0.05148,,0,100,100,100,0.02361
ERICSSON,DTP,DTP016,LN-CBE002E-TGG,ENM13/LN-CBE002E-TGG/42,4G-CBE002M42-TGG,CELL,10/01/2026 02:00,2,2172.58208,9238.40988,96.7281,100,100,,100,100,5,0,0.0902,0.0844,0.0058,,,100,,,0.00111
ERICSSON,DTP,DTP016,LN-CBE002E-TGG,ENM13/LN-CBE002E-TGG/42,4G-CBE002M42-TGG,CELL,10/01/2026 01:00,1,2747.25275,13853.6235,95.2586,100,98.58357,,100,100,6.33333,0,0.21974,0.20727,0.01247,,,,,,0
ERICSSON,DTP,DTP016,LN-CBE002E-TGG,ENM13/LN-CBE002E-TGG/42,4G-CBE002M42-TGG,CELL,10/01/2026 00:00,0,1770.04119,5423.24029,99.0629,,99.50249,,100,100,17.5,0,0.51076,0.48354,0.02722,,,,,,0
ERICSSON,DTP,DTP016,LN-CBE002E-TGG,ENM13/LN-CBE002E-TGG/42,4G-CBE002M42-TGG,CELL,10/01/2026 21:00,21,1507.77945,11285.19146,98.1631,100,100,,97.14286,100,13.66667,0,0.80669,0.73536,0.07133,,,,,,0
ERICSSON,DTP,DTP016,LN-CBE002E-TGG,ENM13/LN-CBE002E-TGG/42,4G-CBE002M42-TGG,CELL,10/01/2026 19:00,19,1920.45377,13850.21256,97.5891,100,100,100,100,100,7.5,0,0.32679,0.25279,0.074,,0,,,100,0.0075
ERICSSON,DTP,DTP016,LN-CBE002E-TGG,ENM13/LN-CBE002E-TGG/42,4G-CBE002M42-TGG,CELL,10/01/2026 18:00,18,1794.28371,14341.73859,98.0425,100,100,,100,100,8.5,0.09862,0.44285,0.42266,0.02018,,0,100,100,100,0.01611
ERICSSON,DTP,DTP016,LN-CBE002E-TGG,ENM13/LN-CBE002E-TGG/42,4G-CBE002M42-TGG,CELL,10/01/2026 14:00,14,1849.39245,13272.70085,98.3815,100,99.74522,100,97.87234,98.83721,11.66667,0.52083,0.75463,0.68584,0.06879,,0,100,100,100,0.04778
ERICSSON,DTP,DTP016,LN-CBE002E-TGG,ENM13/LN-CBE002E-TGG/42,4G-CBE002M42-TGG,CELL,10/01/2026 13:00,13,1496.42645,12362.96701,98.0794,100,99.59997,100,100,100,12.5,0.21552,0.71146,0.66578,0.04568,,0,100,100,100,0.0075
ERICSSON,DTP,DTP016,LN-CBE002E-TGG,ENM13/LN-CBE002E-TGG/42,4G-CBE002M42-TGG,CELL,10/01/2026 08:00,8,1972.17669,11096.99122,97.395,100,100,100,98.80952,100,10.16667,0.10428,0.48376,0.45821,0.02556,,0,100,100,100,0.10722
ERICSSON,DTP,DTP016,LN-CBE002E-TGG,ENM13/LN-CBE002E-TGG/42,4G-CBE002M42-TGG,CELL,10/01/2026 09:00,9,2225.84574,13366.40018,98.9227,100,99.72067,100,99.15254,100,11.33333,0.11123,0.62131,0.5954,0.02591,,0,100,100,100,0.15361
ERICSSON,DTP,DTP016,LN-CBE002E-TGG,ENM13/LN-CBE002E-TGG/42,4G-CBE002M42-TGG,CELL,10/01/2026 07:00,7,1579.37362,9562.3211,98.2693,100,99.86468,100,90.32258,100,9.83333,0,0.43648,0.36937,0.06711,,0,,,100,0.04694
ERICSSON,DTP,DTP016,LN-CBE002E-TGG,ENM13/LN-CBE002E-TGG/42,4G-CBE002M42-TGG,CELL,10/01/2026 06:00,6,1310.63264,7132.08482,98.4541,100,99.78261,100,71.95122,100,9.33333,0,0.27658,0.26708,0.00951,,0,,,100,0.01333
ERICSSON,DTP,DTP016,LN-CBE002E-TGG,ENM13/LN-CBE002E-TGG/42,4G-CBE002M42-TGG,CELL,10/01/2026 04:00,4,1597.1564,12489.52333,97.5139,100,99.4003,,95.45455,100,5,0.13441,0.05277,0.04905,0.00373,,0,,,100,0.015
ERICSSON,DTP,DTP016,LN-CBE002E-TGG,ENM13/LN-CBE002E-TGG/42,4G-CBE002M42-TGG,CELL,10/01/2026 05:00,5,1889.98873,8184.22404,97.7265,100,100,100,88,100,10.5,0,0.34533,0.33011,0.01522,,,,100,,0.00444
ERICSSON,DTP,DTP016,LN-CBE002E-TGG,ENM13/LN-CBE002E-TGG/42,4G-CBE002M42-TGG,CELL,10/01/2026 03:00,3,3296.61276,9505.56404,98.3768,,99.8703,,100,100,5,0,0.10281,0.09651,0.0063,,0,,,,0.00194
ERICSSON,DTP,DTP016,LN-CBE002E-TGG,ENM13/LN-CBE002E-TGG/42,4G-CBE002M42-TGG,CELL,10/02/2026 17:00,17,1809.50877,13339.99502,97.2588,100,99.80934,100,96,100,6.83333,0,0.27937,0.25777,0.0216,,0,,,,0.00278
ERICSSON,DTP,DTP016,LN-CBE002E-TGG,ENM13/LN-CBE002E-TGG/42,4G-CBE002M42-TGG,CELL,10/02/2026 22:00,22,3432.12334,11085.55879,98.2478,100,100,100,100,100,12.83333,0,0.70331,0.67525,0.02806,,,,,,0
ERICSSON,DTP,DTP016,LN-CBE002E-TGG,ENM13/LN-CBE002E-TGG/42,4G-CBE002M42-TGG,CELL,10/02/2026 19:00,19,2572.37563,14679.94641,98.0451,,100,100,100,100,7.5,0,0.34933,0.32108,0.02826,100,,,100,100,0.00056
ERICSSON,DTP,DTP016,LN-CBE002E-TGG,ENM13/LN-CBE002E-TGG/42,4G-CBE002M42-TGG,CELL,10/02/2026 08:00,8,1112.59097,10758.2349,97.5074,100,99.57939,,100,100,6.33333,0.1087,0.15692,0.14045,0.01647,,0,,100,100,0.02583
ERICSSON,DTP,DTP016,LN-CBE002E-TGG,ENM13/LN-CBE002E-TGG/42,4G-CBE002M42-TGG,CELL,10/02/2026 01:00,1,1403.46087,7231.73687,98.8074,,100,,100,100,10,0,0.31466,0.29935,0.01531,,,,,,0
ERICSSON,DTP,DTP016,LN-CBE002E-TGG,ENM13/LN-CBE002E-TGG/42,4G-CBE002M42-TGG,CELL,10/02/2026 07:00,7,1636.98531,11644.19199,97.461,100,100,100,100,100,6.66667,0.25445,0.25268,0.22778,0.0249,,0,100,100,100,0.0175
ERICSSON,DTP,DTP016,LN-CBE002E-TGG,ENM13/LN-CBE002E-TGG/42,4G-CBE002M42-TGG,CELL,10/02/2026 20:00,20,2898.20015,10886.82441,98.3823,,99.79487,100,100,100,7.33333,0,0.31454,0.2863,0.02824,,0,100,100,100,0.0425
ERICSSON,DTP,DTP016,LN-CBE002E-TGG,ENM13/LN-CBE002E-TGG/42,4G-CBE002M42-TGG,CELL,10/02/2026 11:00,11,1313.31532,15107.59127,98.6333,100,100,33.33333,100,100,9,0,0.42847,0.4114,0.01707,,0,,100,100,0.02694
ERICSSON,DTP,DTP016,LN-CBE002E-TGG,ENM13/LN-CBE002E-TGG/42,4G-CBE002M42-TGG,CELL,10/02/2026 23:00,23,2447.81234,13037.20399,98.3669,,100,,100,100,15.83333,0,1.17203,1.10724,0.06479,,,,,,0
ERICSSON,DTP,DTP016,LN-CBE002E-TGG,ENM13/LN-CBE002E-TGG/42,4G-CBE002M42-TGG,CELL,10/02/2026 10:00,10,1169.04359,7609.65729,98.4813,,97.88847,100,100,100,5.33333,0,0.0462,0.03509,0.01111,,0,,,100,0.00139
ERICSSON,DTP,DTP016,LN-CBE002E-TGG,ENM13/LN-CBE002E-TGG/42,4G-CBE002M42-TGG,CELL,10/02/2026 06:00,6,1447.14378,11516.49835,98.0701,100,100,100,100,100,8,0,0.38242,0.33022,0.0522,100,0,,100,100,0.04667
ERICSSON,DTP,DTP016,LN-CBE002E-TGG,ENM13/LN-CBE002E-TGG/42,4G-CBE002M42-TGG,CELL,10/02/2026 12:00,12,1216.67865,11646.22542,97.7318,100,100,100,99.09091,100,9.5,0,0.55598,0.53203,0.02395,,0,,100,100,0.01167
ERICSSON,DTP,DTP016,LN-CBE002E-TGG,ENM13/LN-CBE002E-TGG/42,4G-CBE002M42-TGG,CELL,10/02/2026 00:00,0,1932.0565,8489.91925,97.4466,,99.89827,100,97.2973,100,12.83333,0,0.55299,0.52608,0.02691,,,,,,0
ERICSSON,DTP,DTP016,LN-CBE002E-TGG,ENM13/LN-CBE002E-TGG/42,4G-CBE002M42-TGG,CELL,10/02/2026 05:00,5,922.46445,12718.30287,98.2086,100,100,,100,100,5.16667,0,0.08744,0.07703,0.01041,,0,,,100,0.01139
ERICSSON,DTP,DTP016,LN-CBE002E-TGG,ENM13/LN-CBE002E-TGG/42,4G-CBE002M42-TGG,CELL,10/02/2026 03:00,3,2059.27166,13627.29822,95.4765,100,99.91402,,100,93.75,5.16667,0,0.03679,0.03019,0.0066,,0,,,100,0.01417
ERICSSON,DTP,DTP016,LN-CBE002E-TGG,ENM13/LN-CBE002E-TGG/42,4G-CBE002M42-TGG,CELL,10/02/2026 02:00,2,2477.58921,5987.41399,99.0509,,100,,100,100,9.16667,0.08039,0.22544,0.20707,0.01837,,,,,,0
ERICSSON,DTP,DTP016,LN-CBE002E-TGG,ENM13/LN-CBE002E-TGG/42,4G-CBE002M42-TGG,CELL,10/02/2026 04:00,4,1122.53552,14916.29582,96.516,100,100,,100,100,7.66667,0,0.28096,0.26643,0.01453,,0,,100,100,0.0125
ERICSSON,DTP,DTP016,LN-CBE002E-TGG,ENM13/LN-CBE002E-TGG/42,4G-CBE002M42-TGG,CELL,10/02/2026 16:00,16,1859.67316,10147.35983,96.4608,100,99.41884,100,100,97.75281,11.33333,0,0.49195,0.45774,0.03421,,0,100,100,100,0.06778
ERICSSON,DTP,DTP016,LN-CBE002E-TGG,ENM13/LN-CBE002E-TGG/42,4G-CBE002M42-TGG,CELL,10/02/2026 21:00,21,3207.58592,11654.00867,97.1115,,99.88399,,100,100,17,0.11779,1.04815,0.99483,0.05332,,,100,,,0.00306
ERICSSON,DTP,DTP016,LN-CBE002E-TGG,ENM13/LN-CBE002E-TGG/42,4G-CBE002M42-TGG,CELL,10/02/2026 13:00,13,322.06169,11740.08124,97.066,100,100,100,100,100,6.33333,0,0.2856,0.26963,0.01597,,0,,,100,0.03056
ERICSSON,DTP,DTP016,LN-CBE002E-TGG,ENM13/LN-CBE002E-TGG/42,4G-CBE002M42-TGG,CELL,10/02/2026 09:00,9,808.45992,9225.33778,98.7428,100,99.00707,100,100,100,10.16667,0,0.35471,0.33343,0.02128,100,0,,100,100,0.01056
ERICSSON,DTP,DTP016,LN-CBE002E-TGG,ENM13/LN-CBE002E-TGG/42,4G-CBE002M42-TGG,CELL,10/02/2026 15:00,15,1927.65086,8974.5788,97.5351,100,99.59123,100,100,100,14,0,0.69118,0.64221,0.04897,100,0,100,100,100,0.04833
ERICSSON,DTP,DTP016,LN-CBE002E-TGG,ENM13/LN-CBE002E-TGG/42,4G-CBE002M42-TGG,CELL,10/02/2026 18:00,18,1550.24127,15253.63053,96.851,100,99.22534,100,100,100,13.5,0,0.89,0.85885,0.03114,,0,,100,100,0.02
ERICSSON,DTP,DTP016,LN-CBE002E-TGG,ENM13/LN-CBE002E-TGG/42,4G-CBE002M42-TGG,CELL,10/02/2026 14:00,14,1408.11816,6607.44578,98.9839,100,99.42694,100,100,98.76543,15.66667,0.13123,0.61824,0.55576,0.06248,,0,,100,100,0.03028
ERICSSON,DTP,DTP016,LN-CBE002E-TGG,ENM13/LN-CBE002E-TGG/42,4G-CBE002M42-TGG,CELL,10/03/2026 00:00,0,594.79141,13477.93936,99.1555,,99.83607,,100,80,6.83333,0,0.40531,0.36289,0.04242,,,,,,0
ERICSSON,DTP,DTP016,LN-CBE002E-TGG,ENM13/LN-CBE002E-TGG/42,4G-CBE002M42-TGG,CELL,10/03/2026 14:00,14,1364.39337,12607.9335,98.6475,100,100,100,100,100,12.33333,0.10111,0.69408,0.6413,0.05278,,0,,100,100,0.03389
ERICSSON,DTP,DTP016,LN-CBE002E-TGG,ENM13/LN-CBE002E-TGG/42,4G-CBE002M42-TGG,CELL,10/03/2026 04:00,4,965.85856,12720.54528,98.5293,,100,,100,100,5.5,0,0.14215,0.13056,0.01158,,,,100,100,0.00028
ERICSSON,DTP,DTP016,LN-CBE002E-TGG,ENM13/LN-CBE002E-TGG/42,4G-CBE002M42-TGG,CELL,10/03/2026 07:00,7,2006.95488,10258.23545,97.5619,100,100,100,100,100,9.16667,0,0.36779,0.3441,0.02369,,0,100,100,100,0.12917
ERICSSON,DTP,DTP016,LN-CBE002E-TGG,ENM13/LN-CBE002E-TGG/42,4G-CBE002M42-TGG,CELL,10/03/2026 13:00,13,2004.07515,12146.89824,98.1748,,99.85402,100,98.76543,100,12.16667,0,0.73277,0.68734,0.04543,,0,,100,100,0.03389
ERICSSON,DTP,DTP016,LN-CBE002E-TGG,ENM13/LN-CBE002E-TGG/42,4G-CBE002M42-TGG,CELL,10/03/2026 22:00,22,2355.05417,15354.32922,97.9419,100,100,,100,100,5.83333,0,0.23321,0.20585,0.02735,,,,,,0
ERICSSON,DTP,DTP016,LN-CBE002E-TGG,ENM13/LN-CBE002E-TGG/42,4G-CBE002M42-TGG,CELL,10/03/2026 12:00,12,1976.75597,13905.38447,98.9383,100,99.62733,100,98.75,100,7.16667,0,0.41739,0.39623,0.02116,,0,100,,100,0.03
ERICSSON,DTP,DTP016,LN-CBE002E-TGG,ENM13/LN-CBE002E-TGG/42,4G-CBE002M42-TGG,CELL,10/03/2026 21:00,21,1737.3157,12853.10376,98.11,,99.69559,,100,96.9697,14.33333,0.12063,0.88356,0.7788,0.10476,,0,,,100,0.01611
ERICSSON,DTP,DTP016,LN-CBE002E-TGG,ENM13/LN-CBE002E-TGG/42,4G-CBE002M42-TGG,CELL,10/03/2026 09:00,9,2652.02256,13212.59637,98.0969,100,100,,100,100,10,0,0.4806,0.46114,0.01946,,0,100,100,100,0.02861
ERICSSON,DTP,DTP016,LN-CBE002E-TGG,ENM13/LN-CBE002E-TGG/42,4G-CBE002M42-TGG,CELL,10/03/2026 02:00,2,2219.95465,23432.3079,99.1851,100,100,100,100,100,5.16667,0,0.03002,0.0256,0.00442,,,,,,0
ERICSSON,DTP,DTP016,LN-CBE002E-TGG,ENM13/LN-CBE002E-TGG/42,4G-CBE002M42-TGG,CELL,10/03/2026 17:00,17,2072.14771,11904.43612,97.9466,100,100,100,100,100,13.5,0,0.7777,0.73733,0.04037,,0,100,100,100,0.03222
ERICSSON,DTP,DTP016,LN-CBE002E-TGG,ENM13/LN-CBE002E-TGG/42,4G-CBE002M42-TGG,CELL,10/03/2026 06:00,6,2631.44525,13680.07876,97.9874,100,99.74026,,98.30508,100,11.5,0.12903,0.72061,0.68564,0.03496,,,,,,0
ERICSSON,DTP,DTP016,LN-CBE002E-TGG,ENM13/LN-CBE002E-TGG/42,4G-CBE002M42-TGG,CELL,10/03/2026 05:00,5,1189.66562,11835.41542,97.2566,100,99.80392,,100,100,5.66667,0.14837,0.15061,0.13514,0.01547,,,100,,100,0.00194
ERICSSON,DTP,DTP016,LN-CBE002E-TGG,ENM13/LN-CBE002E-TGG/42,4G-CBE002M42-TGG,CELL,10/03/2026 01:00,1,3688.91748,21794.3874,99.3712,,100,,100,100,5.16667,0,0.14895,0.12008,0.02887,,,,,,0
ERICSSON,DTP,DTP016,LN-CBE002E-TGG,ENM13/LN-CBE002E-TGG/42,4G-CBE002M42-TGG,CELL,10/03/2026 20:00,20,2091.02044,9749.99468,98.1824,100,100,,100,100,17.66667,0,1.12436,0.94455,0.17981,,,,,,0
ERICSSON,DTP,DTP016,LN-CBE002E-TGG,ENM13/LN-CBE002E-TGG/42,4G-CBE002M42-TGG,CELL,10/03/2026 03:00,3,1653.70232,19462.62437,99.2785,,99.6337,,100,100,5.16667,0.17544,0.03885,0.03024,0.00861,,0,,,100,0.00806
ERICSSON,DTP,DTP016,LN-CBE002E-TGG,ENM13/LN-CBE002E-TGG/42,4G-CBE002M42-TGG,CELL,10/03/2026 08:00,8,2328.72475,9176.42768,98.5106,100,100,50,100,97.95918,9,0,0.27297,0.25539,0.01758,0,0,100,80,100,0.12194
ERICSSON,DTP,DTP016,LN-CBE002E-TGG,ENM13/LN-CBE002E-TGG/42,4G-CBE002M42-TGG,CELL,10/03/2026 10:00,10,1419.55378,11445.73157,98.1274,100,100,100,100,96.9697,5.66667,0,0.15401,0.14006,0.01394,,0,,,100,0.00333
ERICSSON,DTP,DTP016,LN-CBE002E-TGG,ENM13/LN-CBE002E-TGG/42,4G-CBE002M42-TGG,CELL,10/03/2026 11:00,11,2470.55773,12612.50954,98.4146,100,99.91342,100,100,100,16.16667,0,1.0461,1.00948,0.03663,,0,100,100,100,0.05778
ERICSSON,DTP,DTP016,LN-CBE002E-TGG,ENM13/LN-CBE002E-TGG/42,4G-CBE002M42-TGG,CELL,10/03/2026 19:00,19,2031.29805,10008.62372,97.2005,100,100,100,100,100,24.16667,0,1.52219,1.40412,0.11807,,,100,,100,0.00139
ERICSSON,DTP,DTP016,LN-CBE002E-TGG,ENM13/LN-CBE002E-TGG/42,4G-CBE002M42-TGG,CELL,10/03/2026 16:00,16,2403.01296,9819.85915,97.2917,100,100,,99.12281,100,13.83333,0,0.70746,0.66429,0.04317,,0,100,100,100,0.03278
ERICSSON,DTP,DTP016,LN-CBE002E-TGG,ENM13/LN-CBE002E-TGG/42,4G-CBE002M42-TGG,CELL,10/03/2026 23:00,23,1457.61727,15126.77484,99.2693,100,99.86807,100,100,100,5.5,0,0.17819,0.16595,0.01224,,,,,,0
ERICSSON,DTP,DTP016,LN-CBE002E-TGG,ENM13/LN-CBE002E-TGG/42,4G-CBE002M42-TGG,CELL,10/03/2026 15:00,15,1685.47179,8118.80201,95.8184,100,100,,99.08257,100,10.83333,0,0.37199,0.34982,0.02216,,0,100,100,100,0.03583
ERICSSON,DTP,DTP016,LN-CBE002E-TGG,ENM13/LN-CBE002E-TGG/42,4G-CBE002M42-TGG,CELL,10/03/2026 18:00,18,1664.36135,11726.21821,98.1163,100,100,100,100,100,9.83333,0,0.46917,0.44125,0.02792,100,0,,100,100,0.01889
ERICSSON,DTP,DTP016,LN-CBE002E-TGG,ENM13/LN-CBE002E-TGG/42,4G-CBE002M42-TGG,CELL,10/04/2026 01:00,1,5688.86115,21142.10057,99.2787,,100,,100,100,5.33333,0,0.11051,0.10081,0.00969,,,,,,0
ERICSSON,DTP,DTP016,LN-CBE002E-TGG,ENM13/LN-CBE002E-TGG/42,4G-CBE002M42-TGG,CELL,10/04/2026 00:00,0,1904.09511,16670.03157,99.1153,,100,100,100,100,5.16667,0,0.0818,0.06873,0.01307,,,100,,100,0
ERICSSON,DTP,DTP016,LN-CBE002E-TGG,ENM13/LN-CBE002E-TGG/42,4G-CBE002M42-TGG,CELL,10/04/2026 21:00,21,3250.12676,10217.42387,96.4466,100,100,100,100,100,21.83333,0,1.49642,1.43123,0.06518,,,,,,0
ERICSSON,DTP,DTP016,LN-CBE002E-TGG,ENM13/LN-CBE002E-TGG/42,4G-CBE002M42-TGG,CELL,10/04/2026 04:00,4,2203.5588,10039.63252,96.1688,,99.62335,,100,100,5.16667,0,0.02351,0.01341,0.0101,,,,100,100,0.00056
ERICSSON,DTP,DTP016,LN-CBE002E-TGG,ENM13/LN-CBE002E-TGG/42,4G-CBE002M42-TGG,CELL,10/04/2026 15:00,15,1729.53869,12539.49054,98.6928,100,98.22472,100,100,100,9.5,0.10638,0.46405,0.44647,0.01758,,0,,100,100,0.00194
ERICSSON,DTP,DTP016,LN-CBE002E-TGG,ENM13/LN-CBE002E-TGG/42,4G-CBE002M42-TGG,CELL,10/04/2026 05:00,5,1640.19355,10380.6845,97.2672,100,100,,100,100,6.5,0,0.13513,0.12078,0.01435,,0,100,,,0.00139
ERICSSON,DTP,DTP016,LN-CBE002E-TGG,ENM13/LN-CBE002E-TGG/42,4G-CBE002M42-TGG,CELL,10/04/2026 12:00,12,1561.12757,13443.20997,99.1612,100,100,100,98.4127,100,7.5,0,0.26598,0.25725,0.00873,,0,,100,100,0.04444
ERICSSON,DTP,DTP016,LN-CBE002E-TGG,ENM13/LN-CBE002E-TGG/42,4G-CBE002M42-TGG,CELL,10/04/2026 02:00,2,1682.90317,17339.44118,99.0168,,100,100,84.375,100,5,0,0.05739,0.04095,0.01644,,,,,,0
ERICSSON,DTP,DTP016,LN-CBE002E-TGG,ENM13/LN-CBE002E-TGG/42,4G-CBE002M42-TGG,CELL,10/04/2026 07:00,7,993.41383,11288.27658,98.9367,100,100,100,100,94.28571,6,0.10142,0.11006,0.09509,0.01497,,0,100,100,100,0.03194
ERICSSON,DTP,DTP016,LN-CBE002E-TGG,ENM13/LN-CBE002E-TGG/42,4G-CBE002M42-TGG,CELL,10/04/2026 06:00,6,1593.87994,9143.77229,98.1222,100,100,100,100,100,10.33333,0,0.42131,0.3951,0.0262,,0,,100,100,0.05306
ERICSSON,DTP,DTP016,LN-CBE002E-TGG,ENM13/LN-CBE002E-TGG/42,4G-CBE002M42-TGG,CELL,10/04/2026 14:00,14,1084.04605,14036.81692,99.0169,100,100,100,100,100,5,0,0.03477,0.02764,0.00713,,0,100,100,100,0.04306
ERICSSON,DTP,DTP016,LN-CBE002E-TGG,ENM13/LN-CBE002E-TGG/42,4G-CBE002M42-TGG,CELL,10/04/2026 23:00,23,4081.77972,12728.0482,95.8836,,100,,100,100,15.33333,0,0.91656,0.86968,0.04688,,0,,,,0.15083
ERICSSON,DTP,DTP016,LN-CBE002E-TGG,ENM13/LN-CBE002E-TGG/42,4G-CBE002M42-TGG,CELL,10/04/2026 09:00,9,2099.84064,12308.121,98.9678,100,99.90741,100,100,98.11321,6.16667,0,0.19467,0.16975,0.02492,100,0,100,100,100,0.08028
ERICSSON,DTP,DTP016,LN-CBE002E-TGG,ENM13/LN-CBE002E-TGG/42,4G-CBE002M42-TGG,CELL,10/04/2026 18:00,18,1304.74992,13096.55543,98.1503,100,100,100,100,100,6.5,0,0.19679,0.18495,0.01184,,0,100,,100,0.00917
ERICSSON,DTP,DTP016,LN-CBE002E-TGG,ENM13/LN-CBE002E-TGG/42,4G-CBE002M42-TGG,CELL,10/04/2026 19:00,19,5426.1487,11236.56225,96.8049,,99.84301,100,98.21429,100,21.33333,0.25,1.46724,1.32008,0.14716,,0,,100,100,0.01556
ERICSSON,DTP,DTP016,LN-CBE002E-TGG,ENM13/LN-CBE002E-TGG/42,4G-CBE002M42-TGG,CELL,10/04/2026 16:00,16,2256.82592,11011.67161,95.8336,100,100,,100,100,16.5,0,1.05759,1.02178,0.0358,,0,100,,100,0.02667
ERICSSON,DTP,DTP016,LN-CBE002E-TGG,ENM13/LN-CBE002E-TGG/42,4G-CBE002M42-TGG,CELL,10/04/2026 20:00,20,4784.46274,10641.34206,96.7432,,100,,100,100,16.16667,0,1.19662,0.87976,0.31686,,,,,,0
ERICSSON,DTP,DTP016,LN-CBE002E-TGG,ENM13/LN-CBE002E-TGG/42,4G-CBE002M42-TGG,CELL,10/04/2026 17:00,17,3122.432,15656.6611,98.9488,100,100,100,100,100,6,0,0.12609,0.11221,0.01388,,0,,,100,0.01028
ERICSSON,DTP,DTP016,LN-CBE002E-TGG,ENM13/LN-CBE002E-TGG/42,4G-CBE002M42-TGG,CELL,10/04/2026 22:00,22,2814.32372,14870.90434,98.2163,100,100,100,97.95918,100,10.83333,0,0.68604,0.65535,0.03069,,0,,,100,0.16111
ERICSSON,DTP,DTP016,LN-CBE002E-TGG,ENM13/LN-CBE002E-TGG/42,4G-CBE002M42-TGG,CELL,10/04/2026 03:00,3,707.58268,10193.84615,98.6093,100,99.72528,,100,100,5,0,0.01131,0.00383,0.00747,,,,,,0
ERICSSON,DTP,DTP016,LN-CBE002E-TGG,ENM13/LN-CBE002E-TGG/42,4G-CBE002M42-TGG,CELL,10/04/2026 10:00,10,1414.05548,10385.64469,98.7905,100,99.60357,100,98.18182,100,5.66667,0,0.07349,0.06578,0.00771,,,,,,0
ERICSSON,DTP,DTP016,LN-CBE002E-TGG,ENM13/LN-CBE002E-TGG/42,4G-CBE002M42-TGG,CELL,10/04/2026 08:00,8,1527.04573,8045.43666,98.6325,100,99.89282,100,100,100,6.66667,0,0.12299,0.09226,0.03074,,0,100,,100,0.07
ERICSSON,DTP,DTP016,LN-CBE002E-TGG,ENM13/LN-CBE002E-TGG/42,4G-CBE002M42-TGG,CELL,10/04/2026 11:00,11,1313.44764,8583.8882,98.7049,100,100,100,100,100,5.66667,0.21209,0.06279,0.05786,0.00493,,0,,100,100,0.13417
ERICSSON,DTP,DTP016,LN-CBE002E-TGG,ENM13/LN-CBE002E-TGG/42,4G-CBE002M42-TGG,CELL,10/04/2026 13:00,13,1562.40886,13591.14731,98.6754,100,100,100,100,97.67442,6,0,0.17714,0.16361,0.01353,,0,,100,100,0.02333
ERICSSON,DTP,DTP016,LN-CBE002E-TGG,ENM13/LN-CBE002E-TGG/43,4G-CBE002M43-TGG,CELL,10/01/2026 20:00,20,928.5531,10986.924,97.2151,,100,,100,100,6,0,0.08444,0.08069,0.00375,,0,,100,100,0.00861
ERICSSON,DTP,DTP016,LN-CBE002E-TGG,ENM13/LN-CBE002E-TGG/43,4G-CBE002M43-TGG,CELL,10/01/2026 17:00,17,1408.85099,11601.46189,97.7011,,99.35691,100,100,100,5,0,0.02295,0.01952,0.00343,100,0,100,100,100,0.02833
ERICSSON,DTP,DTP016,LN-CBE002E-TGG,ENM13/LN-CBE002E-TGG/43,4G-CBE002M43-TGG,CELL,10/01/2026 22:00,22,473.63448,13207.01119,97.0161,,100,100,100,100,7.16667,0,0.20061,0.19661,0.004,,,,,,0
ERICSSON,DTP,DTP016,LN-CBE002E-TGG,ENM13/LN-CBE002E-TGG/43,4G-CBE002M43-TGG,CELL,10/01/2026 23:00,23,708.76424,15562.94762,97.4963,,100,,100,100,5.83333,0,0.11205,0.10913,0.00292,,,,,,0
ERICSSON,DTP,DTP016,LN-CBE002E-TGG,ENM13/LN-CBE002E-TGG/43,4G-CBE002M43-TGG,CELL,10/01/2026 15:00,15,401.97513,14449.07787,97.1322,,98.89503,,100,100,5.16667,0,0.0262,0.02458,0.00162,,0,100,,,0.00139
ERICSSON,DTP,DTP016,LN-CBE002E-TGG,ENM13/LN-CBE002E-TGG/43,4G-CBE002M43-TGG,CELL,10/01/2026 12:00,12,1364.3453,12832.22222,98.4966,,100,,100,100,5,0,0.03261,0.03004,0.00257,,0,,,100,0.00778
ERICSSON,DTP,DTP016,LN-CBE002E-TGG,ENM13/LN-CBE002E-TGG/43,4G-CBE002M43-TGG,CELL,10/01/2026 16:00,16,1240.97258,10192.30904,99.1849,,99.29329,100,100,100,9,0,0.30785,0.2999,0.00795,,0,,100,100,0.00389
ERICSSON,DTP,DTP016,LN-CBE002E-TGG,ENM13/LN-CBE002E-TGG/43,4G-CBE002M43-TGG,CELL,10/01/2026 11:00,11,1108.70391,9304.98052,98.4372,100,99.5098,,100,100,5.33333,0,0.03806,0.03609,0.00196,,,,100,100,0.00583
ERICSSON,DTP,DTP016,LN-CBE002E-TGG,ENM13/LN-CBE002E-TGG/43,4G-CBE002M43-TGG,CELL,10/01/2026 10:00,10,3172.48062,12573.30592,97.0344,100,100,,100,100,5.16667,0,0.03502,0.02714,0.00788,,0,,,,0.00167
ERICSSON,DTP,DTP016,LN-CBE002E-TGG,ENM13/LN-CBE002E-TGG/43,4G-CBE002M43-TGG,CELL,10/01/2026 02:00,2,537.65387,9185.58241,94.9557,,100,,100,100,5,0,0.0087,0.00825,0.00046,,,,,,0
ERICSSON,DTP,DTP016,LN-CBE002E-TGG,ENM13/LN-CBE002E-TGG/43,4G-CBE002M43-TGG,CELL,10/01/2026 01:00,1,2141.60584,13833.64603,95.0519,,100,,100,100,5,0,0.00952,0.00902,0.0005,,,,,,0
ERICSSON,DTP,DTP016,LN-CBE002E-TGG,ENM13/LN-CBE002E-TGG/43,4G-CBE002M43-TGG,CELL,10/01/2026 00:00,0,423.71476,5519.68259,96.7152,,100,,100,100,5.66667,0,0.03159,0.02795,0.00364,,,,,,0
ERICSSON,DTP,DTP016,LN-CBE002E-TGG,ENM13/LN-CBE002E-TGG/43,4G-CBE002M43-TGG,CELL,10/01/2026 21:00,21,566.6028,9841.97925,96.3693,,99.03382,100,100,100,5.66667,0,0.08978,0.08591,0.00387,,0,,,100,0.00472
ERICSSON,DTP,DTP016,LN-CBE002E-TGG,ENM13/LN-CBE002E-TGG/43,4G-CBE002M43-TGG,CELL,10/01/2026 19:00,19,1374.5614,10054.93976,96.5872,,100,,100,100,5,0.56497,0.00656,0.00583,0.00072,,0,,100,100,0.01111
ERICSSON,DTP,DTP016,LN-CBE002E-TGG,ENM13/LN-CBE002E-TGG/43,4G-CBE002M43-TGG,CELL,10/01/2026 18:00,18,2148.39767,11415.22629,97.6718,,100,100,98.55072,100,5.33333,0,0.07115,0.06707,0.00409,,0,100,,100,0.005
ERICSSON,DTP,DTP016,LN-CBE002E-TGG,ENM13/LN-CBE002E-TGG/43,4G-CBE002M43-TGG,CELL,10/01/2026 14:00,14,818.25066,7184.03287,94.9335,,99.54546,100,98.18182,100,5.16667,0,0.01446,0.01307,0.0014,,0,,100,100,0.03694
ERICSSON,DTP,DTP016,LN-CBE002E-TGG,ENM13/LN-CBE002E-TGG/43,4G-CBE002M43-TGG,CELL,10/01/2026 13:00,13,1639.90052,6976.33285,98.7511,,99.43182,,100,100,6.33333,0,0.09514,0.08991,0.00523,,0,,100,100,0.00389
ERICSSON,DTP,DTP016,LN-CBE002E-TGG,ENM13/LN-CBE002E-TGG/43,4G-CBE002M43-TGG,CELL,10/01/2026 08:00,8,834.29439,10883.37559,97.045,,100,,100,100,5,0.69444,0.00566,0.00454,0.00112,,,100,100,100,0.01278
ERICSSON,DTP,DTP016,LN-CBE002E-TGG,ENM13/LN-CBE002E-TGG/43,4G-CBE002M43-TGG,CELL,10/01/2026 09:00,9,2233.85689,10745.81377,98.1388,100,100,,100,100,5.16667,0,0.06784,0.06275,0.0051,,,,,,0
ERICSSON,DTP,DTP016,LN-CBE002E-TGG,ENM13/LN-CBE002E-TGG/43,4G-CBE002M43-TGG,CELL,10/01/2026 07:00,7,532.94574,10397.94872,94.7341,,100,,97.5,100,5,0,0.00235,0.00179,0.00056,,0,,100,100,0.02306
ERICSSON,DTP,DTP016,LN-CBE002E-TGG,ENM13/LN-CBE002E-TGG/43,4G-CBE002M43-TGG,CELL,10/01/2026 06:00,6,852.68414,7463.2216,96.3099,,99.28058,,100,100,5,0,0.00309,0.00252,0.00057,,,100,100,100,0.00389
ERICSSON,DTP,DTP016,LN-CBE002E-TGG,ENM13/LN-CBE002E-TGG/43,4G-CBE002M43-TGG,CELL,10/01/2026 04:00,4,1466.66667,6335.63218,94.5771,,100,,100,,5,0,0.00047,0.00036,0.0001,,,,,,0
ERICSSON,DTP,DTP016,LN-CBE002E-TGG,ENM13/LN-CBE002E-TGG/43,4G-CBE002M43-TGG,CELL,10/01/2026 05:00,5,1789.69957,8984.22436,95.2423,,100,100,96,100,5,0,0.00183,0.00144,0.00038,,,,,,0
ERICSSON,DTP,DTP016,LN-CBE002E-TGG,ENM13/LN-CBE002E-TGG/43,4G-CBE002M43-TGG,CELL,10/01/2026 03:00,3,1988.91967,10780.68092,94.2989,,100,,100,100,5,0,0.00856,0.00823,0.00033,,,,,,0
ERICSSON,DTP,DTP016,LN-CBE002E-TGG,ENM13/LN-CBE002E-TGG/43,4G-CBE002M43-TGG,CELL,10/02/2026 00:00,0,2058.56643,11957.85324,97.0893,,100,100,96.55172,100,5,0,0.00655,0.00542,0.00113,,,,,,0
ERICSSON,DTP,DTP016,LN-CBE002E-TGG,ENM13/LN-CBE002E-TGG/43,4G-CBE002M43-TGG,CELL,10/02/2026 12:00,12,946.63767,8754.78165,97.7012,,100,100,100,100,5,0,0.0151,0.01168,0.00342,,,,,,0
ERICSSON,DTP,DTP016,LN-CBE002E-TGG,ENM13/LN-CBE002E-TGG/43,4G-CBE002M43-TGG,CELL,10/02/2026 16:00,16,1915.85761,8818.67779,94.9211,,100,,100,100,5,0,0.01006,0.0079,0.00216,,0,100,100,100,0.03944
ERICSSON,DTP,DTP016,LN-CBE002E-TGG,ENM13/LN-CBE002E-TGG/43,4G-CBE002M43-TGG,CELL,10/02/2026 04:00,4,2874.10926,14451.38023,98.3106,,100,,100,100,7,0,0.2468,0.24036,0.00644,,,,,,0
ERICSSON,DTP,DTP016,LN-CBE002E-TGG,ENM13/LN-CBE002E-TGG/43,4G-CBE002M43-TGG,CELL,10/02/2026 15:00,15,2122.29547,10346.12526,97.4525,,99.42197,,100,100,6.66667,0.47393,0.1321,0.12353,0.00856,,,,,,0
ERICSSON,DTP,DTP016,LN-CBE002E-TGG,ENM13/LN-CBE002E-TGG/43,4G-CBE002M43-TGG,CELL,10/02/2026 21:00,21,5694.9259,10873.2267,96.0561,100,100,,100,100,7.5,0.26316,0.20344,0.18104,0.02239,,0,,,100,0.00083
ERICSSON,DTP,DTP016,LN-CBE002E-TGG,ENM13/LN-CBE002E-TGG/43,4G-CBE002M43-TGG,CELL,10/02/2026 23:00,23,1711.3164,6433.05492,95.9626,,100,,100,100,5,0,0.00392,0.00336,0.00056,,,,,,0
ERICSSON,DTP,DTP016,LN-CBE002E-TGG,ENM13/LN-CBE002E-TGG/43,4G-CBE002M43-TGG,CELL,10/02/2026 08:00,8,1881.64894,13587.83036,97.351,,100,,97.87234,100,5.83333,0,0.06721,0.06546,0.00175,,0,,100,,0.00444
ERICSSON,DTP,DTP016,LN-CBE002E-TGG,ENM13/LN-CBE002E-TGG/43,4G-CBE002M43-TGG,CELL,10/02/2026 18:00,18,2049.94814,12829.46021,96.0429,,99.53488,,100,100,5.83333,0,0.10007,0.09095,0.00912,,0,100,100,100,0.01694
ERICSSON,DTP,DTP016,LN-CBE002E-TGG,ENM13/LN-CBE002E-TGG/43,4G-CBE002M43-TGG,CELL,10/02/2026 10:00,10,2419.49778,12692.1932,98.6683,100,100,100,98,100,5,0,0.02391,0.02208,0.00183,100,0,100,100,100,0.02944
ERICSSON,DTP,DTP016,LN-CBE002E-TGG,ENM13/LN-CBE002E-TGG/43,4G-CBE002M43-TGG,CELL,10/02/2026 06:00,6,4631.24091,12825.32193,97.9939,,100,100,100,100,5.16667,0,0.02495,0.01759,0.00735,,0,100,100,,0.035
ERICSSON,DTP,DTP016,LN-CBE002E-TGG,ENM13/LN-CBE002E-TGG/43,4G-CBE002M43-TGG,CELL,10/02/2026 11:00,11,1095.72925,10619.53867,98.263,,99.16318,50,98.46154,100,5.16667,0,0.03549,0.03087,0.00463,,0,,,100,0.00667
ERICSSON,DTP,DTP016,LN-CBE002E-TGG,ENM13/LN-CBE002E-TGG/43,4G-CBE002M43-TGG,CELL,10/02/2026 13:00,13,2270.29478,10869.49525,98.231,,100,100,100,94.11765,5.66667,0,0.07867,0.07077,0.0079,,0,,100,100,0.00139
ERICSSON,DTP,DTP016,LN-CBE002E-TGG,ENM13/LN-CBE002E-TGG/43,4G-CBE002M43-TGG,CELL,10/02/2026 22:00,22,3732.75862,8948.8255,93.7698,,100,,100,100,5,0.60606,0.00165,0.00139,0.00025,,,,,,0
ERICSSON,DTP,DTP016,LN-CBE002E-TGG,ENM13/LN-CBE002E-TGG/43,4G-CBE002M43-TGG,CELL,10/02/2026 17:00,17,1146.2818,7531.37856,96.5595,,100,,97.01493,100,5.16667,0,0.02825,0.02041,0.00784,,0,100,,100,0.02417
ERICSSON,DTP,DTP016,LN-CBE002E-TGG,ENM13/LN-CBE002E-TGG/43,4G-CBE002M43-TGG,CELL,10/02/2026 03:00,3,2306.35118,9043.18607,98.1559,,100,,92.30769,100,5.16667,0,0.022,0.02005,0.00194,,,,,,0
ERICSSON,DTP,DTP016,LN-CBE002E-TGG,ENM13/LN-CBE002E-TGG/43,4G-CBE002M43-TGG,CELL,10/02/2026 05:00,5,3412.42363,15061.53846,97.6397,,99.62406,100,100,100,5.16667,0,0.02505,0.02327,0.00179,,,,,,0
ERICSSON,DTP,DTP016,LN-CBE002E-TGG,ENM13/LN-CBE002E-TGG/43,4G-CBE002M43-TGG,CELL,10/02/2026 20:00,20,1450.46754,5786.27306,97.2128,,99.83949,,97.56098,100,5,0,0.01062,0.00704,0.00358,,0,,,100,0
ERICSSON,DTP,DTP016,LN-CBE002E-TGG,ENM13/LN-CBE002E-TGG/43,4G-CBE002M43-TGG,CELL,10/02/2026 14:00,14,1282.5451,9846.06854,98.283,,99.71591,100,100,100,5.33333,0,0.04587,0.03931,0.00656,,,,,,0
ERICSSON,DTP,DTP016,LN-CBE002E-TGG,ENM13/LN-CBE002E-TGG/43,4G-CBE002M43-TGG,CELL,10/02/2026 02:00,2,2199.3007,9877.8626,98.2554,,100,100,100,100,5,0,0.00674,0.00582,0.00092,,,,,,0
ERICSSON,DTP,DTP016,LN-CBE002E-TGG,ENM13/LN-CBE002E-TGG/43,4G-CBE002M43-TGG,CELL,10/02/2026 19:00,19,1030.25672,8740.08406,97.232,,100,,100,100,5.16667,0,0.02488,0.02062,0.00425,,,,100,,0.00139
ERICSSON,DTP,DTP016,LN-CBE002E-TGG,ENM13/LN-CBE002E-TGG/43,4G-CBE002M43-TGG,CELL,10/02/2026 01:00,1,6436.89986,13301.23278,98.3146,,100,100,100,100,5,0,0.02675,0.01288,0.01387,,,,,,0
ERICSSON,DTP,DTP016,LN-CBE002E-TGG,ENM13/LN-CBE002E-TGG/43,4G-CBE002M43-TGG,CELL,10/02/2026 09:00,9,2297.69076,8672.37164,99.0255,,100,100,100,100,5,0.86957,0.0042,0.00273,0.00147,,,,,,0
ERICSSON,DTP,DTP016,LN-CBE002E-TGG,ENM13/LN-CBE002E-TGG/43,4G-CBE002M43-TGG,CELL,10/02/2026 07:00,7,1362.8692,7311.37725,96.1353,,100,,100,100,5,0,0.00091,0.00065,0.00027,,,100,,100,0.00611
ERICSSON,DTP,DTP016,LN-CBE002E-TGG,ENM13/LN-CBE002E-TGG/43,4G-CBE002M43-TGG,CELL,10/03/2026 00:00,0,1948.23529,8719.47115,97.4052,,100,,95.65217,100,5,0,0.00595,0.00496,0.00098,,,,,,0
ERICSSON,DTP,DTP016,LN-CBE002E-TGG,ENM13/LN-CBE002E-TGG/43,4G-CBE002M43-TGG,CELL,10/03/2026 10:00,10,2782.6133,11164.27962,96.714,100,100,,100,100,5.5,0.5102,0.06456,0.04327,0.02129,,0,,,,0.00722
ERICSSON,DTP,DTP016,LN-CBE002E-TGG,ENM13/LN-CBE002E-TGG/43,4G-CBE002M43-TGG,CELL,10/03/2026 16:00,16,988.01528,6201.32791,97.7199,,99.82394,100,100,100,9.66667,0,0.2519,0.18252,0.06938,,0,100,100,100,0.00444
ERICSSON,DTP,DTP016,LN-CBE002E-TGG,ENM13/LN-CBE002E-TGG/43,4G-CBE002M43-TGG,CELL,10/03/2026 23:00,23,615.86968,11023.04666,97.4834,,100,,100,100,5,0,0.00347,0.00285,0.00062,,,,,,0
ERICSSON,DTP,DTP016,LN-CBE002E-TGG,ENM13/LN-CBE002E-TGG/43,4G-CBE002M43-TGG,CELL,10/03/2026 05:00,5,2948.30508,10997.32979,98.2544,,100,,100,100,7.16667,0,0.18914,0.18377,0.00537,,,,,,0
ERICSSON,DTP,DTP016,LN-CBE002E-TGG,ENM13/LN-CBE002E-TGG/43,4G-CBE002M43-TGG,CELL,10/03/2026 21:00,21,1084.5126,8711.8364,97.0484,,100,100,100,100,6.16667,0,0.06449,0.05962,0.00487,,0,,,100,0.00944
ERICSSON,DTP,DTP016,LN-CBE002E-TGG,ENM13/LN-CBE002E-TGG/43,4G-CBE002M43-TGG,CELL,10/03/2026 17:00,17,1123.29431,9276.61468,96.9755,,99.53488,,97.22222,100,5.66667,0,0.06527,0.05548,0.00979,,0,,100,100,0.03472
ERICSSON,DTP,DTP016,LN-CBE002E-TGG,ENM13/LN-CBE002E-TGG/43,4G-CBE002M43-TGG,CELL,10/03/2026 08:00,8,1813.98482,10706.09394,97.0761,100,99.50739,100,97.87234,100,6.16667,0,0.10951,0.10476,0.00475,,,,,,0
ERICSSON,DTP,DTP016,LN-CBE002E-TGG,ENM13/LN-CBE002E-TGG/43,4G-CBE002M43-TGG,CELL,10/03/2026 13:00,13,1061.89743,6741.39586,97.4753,100,100,100,100,100,5.83333,0.37037,0.05223,0.04409,0.00815,,,,,,0
ERICSSON,DTP,DTP016,LN-CBE002E-TGG,ENM13/LN-CBE002E-TGG/43,4G-CBE002M43-TGG,CELL,10/03/2026 06:00,6,1033.80282,11261.57407,94.195,,100,,95.2381,100,5,0,0.00309,0.00174,0.00136,,,100,,,0.00028
ERICSSON,DTP,DTP016,LN-CBE002E-TGG,ENM13/LN-CBE002E-TGG/43,4G-CBE002M43-TGG,CELL,10/03/2026 02:00,2,4508.03213,13483.87097,97.7471,,100,,100,,5,0,0.00333,0.00253,0.0008,,,,,,0
ERICSSON,DTP,DTP016,LN-CBE002E-TGG,ENM13/LN-CBE002E-TGG/43,4G-CBE002M43-TGG,CELL,10/03/2026 03:00,3,1790.32258,14891.11038,97.9995,,100,100,100,100,5,0,0.01157,0.01114,0.00043,,,,,,0
ERICSSON,DTP,DTP016,LN-CBE002E-TGG,ENM13/LN-CBE002E-TGG/43,4G-CBE002M43-TGG,CELL,10/03/2026 19:00,19,1359.06651,6861.49605,96.7525,,99.64286,,100,100,6,0,0.06765,0.05959,0.00806,,,,,,0
ERICSSON,DTP,DTP016,LN-CBE002E-TGG,ENM13/LN-CBE002E-TGG/43,4G-CBE002M43-TGG,CELL,10/03/2026 04:00,4,5241.63241,11811.59663,96.2763,,100,,100,100,5.33333,0,0.06815,0.05431,0.01385,,,,,,0
ERICSSON,DTP,DTP016,LN-CBE002E-TGG,ENM13/LN-CBE002E-TGG/43,4G-CBE002M43-TGG,CELL,10/03/2026 07:00,7,649.27769,9707.14286,92.0829,,100,,100,100,5,0.53476,0.00155,0.00087,0.00068,,0,,100,100,0.01
ERICSSON,DTP,DTP016,LN-CBE002E-TGG,ENM13/LN-CBE002E-TGG/43,4G-CBE002M43-TGG,CELL,10/03/2026 22:00,22,1006.89552,9241.30635,96.6702,,97.81622,,100,100,5.33333,0,0.04618,0.03606,0.01012,,,,,,0
ERICSSON,DTP,DTP016,LN-CBE002E-TGG,ENM13/LN-CBE002E-TGG/43,4G-CBE002M43-TGG,CELL,10/03/2026 01:00,1,1535.60976,12521.84007,97.9287,,100,,100,,5.16667,0,0.02032,0.01879,0.00154,,,,,,0
ERICSSON,DTP,DTP016,LN-CBE002E-TGG,ENM13/LN-CBE002E-TGG/43,4G-CBE002M43-TGG,CELL,10/03/2026 20:00,20,1468.15642,9874.72314,97.1709,,99.58848,,100,100,5.16667,0,0.04977,0.04657,0.0032,,,,,,0
ERICSSON,DTP,DTP016,LN-CBE002E-TGG,ENM13/LN-CBE002E-TGG/43,4G-CBE002M43-TGG,CELL,10/03/2026 15:00,15,1400.07636,7709.79209,97.2936,,100,,100,100,8.16667,0,0.21158,0.13673,0.07486,,0,,100,100,0.08278
ERICSSON,DTP,DTP016,LN-CBE002E-TGG,ENM13/LN-CBE002E-TGG/43,4G-CBE002M43-TGG,CELL,10/03/2026 18:00,18,1699.76651,9334.41886,97.3151,100,100,,100,100,5,0,0.02434,0.01843,0.00591,,,,,,0
ERICSSON,DTP,DTP016,LN-CBE002E-TGG,ENM13/LN-CBE002E-TGG/43,4G-CBE002M43-TGG,CELL,10/03/2026 12:00,12,1103.88681,10215.06859,95.7165,,99.47334,100,100,100,5.5,0,0.06516,0.05036,0.0148,,0,100,100,100,0.10528
ERICSSON,DTP,DTP016,LN-CBE002E-TGG,ENM13/LN-CBE002E-TGG/43,4G-CBE002M43-TGG,CELL,10/03/2026 11:00,11,2065.73705,10033.92151,97.2985,,100,,97.5,100,5,0,0.01084,0.00914,0.0017,,0,100,100,100,0.03194
ERICSSON,DTP,DTP016,LN-CBE002E-TGG,ENM13/LN-CBE002E-TGG/43,4G-CBE002M43-TGG,CELL,10/03/2026 14:00,14,1543.88042,8222.40335,96.3454,100,99.55947,100,100,100,5.5,0,0.039,0.03567,0.00333,,0,100,,100,0.01056
ERICSSON,DTP,DTP016,LN-CBE002E-TGG,ENM13/LN-CBE002E-TGG/43,4G-CBE002M43-TGG,CELL,10/03/2026 09:00,9,1319.39438,9103.19617,97.4797,100,100,,98.11321,100,5.33333,0,0.02459,0.02336,0.00123,,0,,,100,0.01944
ERICSSON,DTP,DTP016,LN-CBE002E-TGG,ENM13/LN-CBE002E-TGG/43,4G-CBE002M43-TGG,CELL,10/04/2026 05:00,5,1467.82609,8195.96865,96.4846,,100,,100,100,5,0,0.00338,0.0029,0.00047,,,,,,0
ERICSSON,DTP,DTP016,LN-CBE002E-TGG,ENM13/LN-CBE002E-TGG/43,4G-CBE002M43-TGG,CELL,10/04/2026 15:00,15,977.2279,7171.1395,97.7361,,99.18699,100,98.7013,100,5.16667,0,0.02354,0.01846,0.00508,,0,100,,100,0.01556
ERICSSON,DTP,DTP016,LN-CBE002E-TGG,ENM13/LN-CBE002E-TGG/43,4G-CBE002M43-TGG,CELL,10/04/2026 04:00,4,1077.83418,9675.90498,95.3303,,100,100,89.47368,100,5,1,0.00255,0.00232,0.00023,,,,,,0
ERICSSON,DTP,DTP016,LN-CBE002E-TGG,ENM13/LN-CBE002E-TGG/43,4G-CBE002M43-TGG,CELL,10/04/2026 19:00,19,2077.22513,9153.84615,98.5662,100,100,,100,100,5,0,0.00205,0.00118,0.00087,,0,100,100,,0.01444
ERICSSON,DTP,DTP016,LN-CBE002E-TGG,ENM13/LN-CBE002E-TGG/43,4G-CBE002M43-TGG,CELL,10/04/2026 22:00,22,2754.89068,7423.69679,97.1688,100,100,,87.87879,100,5.83333,0,0.05852,0.05572,0.0028,,,100,,,0.00028
ERICSSON,DTP,DTP016,LN-CBE002E-TGG,ENM13/LN-CBE002E-TGG/43,4G-CBE002M43-TGG,CELL,10/04/2026 12:00,12,2206.33299,11109.01369,98.0517,100,100,,100,100,5.16667,0,0.02248,0.0211,0.00138,,0,,,100,0.0075
ERICSSON,DTP,DTP016,LN-CBE002E-TGG,ENM13/LN-CBE002E-TGG/43,4G-CBE002M43-TGG,CELL,10/04/2026 03:00,3,3618.5497,11151.2589,93.526,,100,100,100,100,6.66667,0,0.12764,0.11555,0.01208,,,,,,0
ERICSSON,DTP,DTP016,LN-CBE002E-TGG,ENM13/LN-CBE002E-TGG/43,4G-CBE002M43-TGG,CELL,10/04/2026 21:00,21,3360.39099,8853.6622,96.5694,,100,,100,100,6.16667,0,0.07551,0.07166,0.00385,,,,,,0
ERICSSON,DTP,DTP016,LN-CBE002E-TGG,ENM13/LN-CBE002E-TGG/43,4G-CBE002M43-TGG,CELL,10/04/2026 08:00,8,2155.25953,7048.66987,98.2706,100,99.68944,100,100,100,12.16667,0,0.36906,0.35691,0.01214,,0,100,,100,0.02361
ERICSSON,DTP,DTP016,LN-CBE002E-TGG,ENM13/LN-CBE002E-TGG/43,4G-CBE002M43-TGG,CELL,10/04/2026 20:00,20,1830.98927,7417.62768,93.6022,,100,,100,100,5,0,0.05479,0.02914,0.02566,,,,,,0
ERICSSON,DTP,DTP016,LN-CBE002E-TGG,ENM13/LN-CBE002E-TGG/43,4G-CBE002M43-TGG,CELL,10/04/2026 07:00,7,835.96295,5802.33552,96.4266,,99.13793,100,100,100,5,0.45662,0.00669,0.00392,0.00277,,,,,,0
ERICSSON,DTP,DTP016,LN-CBE002E-TGG,ENM13/LN-CBE002E-TGG/43,4G-CBE002M43-TGG,CELL,10/04/2026 01:00,1,3936.10698,13829.34797,96.3628,,100,,100,100,5.16667,0.52632,0.01564,0.01404,0.00161,,,,,,0
ERICSSON,DTP,DTP016,LN-CBE002E-TGG,ENM13/LN-CBE002E-TGG/43,4G-CBE002M43-TGG,CELL,10/04/2026 18:00,18,2776.28889,11555.11857,96.0236,,99.5614,,100,94.73684,5.16667,0.44643,0.03001,0.02602,0.00399,,0,100,100,100,0.005
ERICSSON,DTP,DTP016,LN-CBE002E-TGG,ENM13/LN-CBE002E-TGG/43,4G-CBE002M43-TGG,CELL,10/04/2026 00:00,0,228.11848,13526.53749,95.3393,,100,,100,100,5.16667,0,0.01639,0.01556,0.00083,,,,,,0
ERICSSON,DTP,DTP016,LN-CBE002E-TGG,ENM13/LN-CBE002E-TGG/43,4G-CBE002M43-TGG,CELL,10/04/2026 14:00,14,1697.71581,8214.04744,97.4582,,96.86204,100,100,100,5,0,0.00864,0.00694,0.0017,,0,100,,100,0.02833
ERICSSON,DTP,DTP016,LN-CBE002E-TGG,ENM13/LN-CBE002E-TGG/43,4G-CBE002M43-TGG,CELL,10/04/2026 02:00,2,952.63158,2895.95376,93.6173,,99.31507,100,100,100,5,0,0.00041,0.00024,0.00017,,,,,,0
ERICSSON,DTP,DTP016,LN-CBE002E-TGG,ENM13/LN-CBE002E-TGG/43,4G-CBE002M43-TGG,CELL,10/04/2026 23:00,23,1302.65487,10927.82773,95.7717,,100,,100,100,5,0.41322,0.00939,0.00744,0.00195,,,,,,0
ERICSSON,DTP,DTP016,LN-CBE002E-TGG,ENM13/LN-CBE002E-TGG/43,4G-CBE002M43-TGG,CELL,10/04/2026 13:00,13,1228.18893,7733.19505,98.0368,100,99.40828,,98.57143,100,5,0.42373,0.01691,0.01415,0.00276,,0,100,,100,0.00417
ERICSSON,DTP,DTP016,LN-CBE002E-TGG,ENM13/LN-CBE002E-TGG/43,4G-CBE002M43-TGG,CELL,10/04/2026 09:00,9,5844.4164,11895.90961,97.3344,,100,,100,100,5,0,0.03581,0.0174,0.01841,,0,,100,100,0.01
ERICSSON,DTP,DTP016,LN-CBE002E-TGG,ENM13/LN-CBE002E-TGG/43,4G-CBE002M43-TGG,CELL,10/04/2026 10:00,10,646.6006,10757.07961,97.205,,98.71795,100,100,100,5.5,0,0.03913,0.03377,0.00535,,0,,,100,0.0525
ERICSSON,DTP,DTP016,LN-CBE002E-TGG,ENM13/LN-CBE002E-TGG/43,4G-CBE002M43-TGG,CELL,10/04/2026 16:00,16,4168.40986,10791.08619,96.7632,100,100,,100,100,5.83333,0,0.07493,0.06764,0.00729,,0,100,,100,0.01528
ERICSSON,DTP,DTP016,LN-CBE002E-TGG,ENM13/LN-CBE002E-TGG/43,4G-CBE002M43-TGG,CELL,10/04/2026 17:00,17,1353.37759,10561.11299,97.5007,100,100,,98.61111,87.5,5,0,0.01565,0.01376,0.00189,,0,,,100,0.01444
ERICSSON,DTP,DTP016,LN-CBE002E-TGG,ENM13/LN-CBE002E-TGG/43,4G-CBE002M43-TGG,CELL,10/04/2026 11:00,11,1459.72347,9617.31551,98.0866,100,100,,100,100,5,0,0.01479,0.01177,0.00302,,0,,100,,0.0075
ERICSSON,DTP,DTP016,LN-CBE002E-TGG,ENM13/LN-CBE002E-TGG/43,4G-CBE002M43-TGG,CELL,10/04/2026 06:00,6,475.91069,9633.85827,96.0346,100,100,,100,100,5,0.53763,0.00086,0.00068,0.00018,,,,,,0
